[{"model": "product.category", "pk": 400, "fields": {"private_meta": {}, "meta": {}, "seo_title": "", "seo_description": "", "name": "Bottom", "slug": "bottom", "description": "", "description_json": {"blocks": [{"key": "", "data": {}, "text": "", "type": "unstyled", "depth": 0, "entityRanges": [], "inlineStyleRanges": []}], "entityMap": {}}, "parent": null, "background_image": "bottom.jpg", "background_image_alt": "", "lft": 1, "rght": 2, "tree_id": 1, "level": 0}}, {"model": "product.category", "pk": 401, "fields": {"private_meta": {}, "meta": {}, "seo_title": "", "seo_description": "", "name": "Tops", "slug": "tops", "description": "", "description_json": {"blocks": [{"key": "", "data": {}, "text": "", "type": "unstyled", "depth": 0, "entityRanges": [], "inlineStyleRanges": []}], "entityMap": {}}, "parent": null, "background_image": "tops.jpg", "background_image_alt": "", "lft": 1, "rght": 2, "tree_id": 2, "level": 0}}, {"model": "product.producttype", "pk": 200, "fields": {"private_meta": {}, "meta": {"taxes": {"vatlayer": {"code": "standard", "description": ""}}}, "name": "Casual Wear", "has_variants": true, "is_shipping_required": false, "is_digital": false, "weight": "0.45 kg"}}, {"model": "product.producttype", "pk": 201, "fields": {"private_meta": {}, "meta": {"taxes": {"vatlayer": {"code": "standard", "description": ""}}}, "name": "Casual Winter Wear", "has_variants": true, "is_shipping_required": false, "is_digital": false, "weight": "0.45 kg"}}, {"model": "product.producttype", "pk": 202, "fields": {"private_meta": {}, "meta": {"taxes": {"vatlayer": {"code": "standard", "description": ""}}}, "name": "Casual Summer Wear", "has_variants": true, "is_shipping_required": false, "is_digital": false, "weight": "0.45 kg"}}, {"model": "product.producttype", "pk": 203, "fields": {"private_meta": {}, "meta": {"taxes": {"vatlayer": {"code": "standard", "description": ""}}}, "name": "Winter Wear", "has_variants": true, "is_shipping_required": false, "is_digital": false, "weight": "0.45 kg"}}, {"model": "product.producttype", "pk": 204, "fields": {"private_meta": {}, "meta": {"taxes": {"vatlayer": {"code": "standard", "description": ""}}}, "name": "Formal Wear", "has_variants": true, "is_shipping_required": false, "is_digital": false, "weight": "0.45 kg"}}, {"model": "product.attributeproduct", "pk": 500, "fields": {"sort_order": null, "attribute": 60, "product_type": 200}}, {"model": "product.attributeproduct", "pk": 501, "fields": {"sort_order": null, "attribute": 61, "product_type": 200}}, {"model": "product.attributeproduct", "pk": 502, "fields": {"sort_order": null, "attribute": 60, "product_type": 201}}, {"model": "product.attributeproduct", "pk": 503, "fields": {"sort_order": null, "attribute": 61, "product_type": 201}}, {"model": "product.attributeproduct", "pk": 504, "fields": {"sort_order": null, "attribute": 60, "product_type": 202}}, {"model": "product.attributeproduct", "pk": 505, "fields": {"sort_order": null, "attribute": 61, "product_type": 202}}, {"model": "product.attributeproduct", "pk": 506, "fields": {"sort_order": null, "attribute": 60, "product_type": 203}}, {"model": "product.attributeproduct", "pk": 507, "fields": {"sort_order": null, "attribute": 61, "product_type": 203}}, {"model": "product.attributeproduct", "pk": 508, "fields": {"sort_order": null, "attribute": 60, "product_type": 204}}, {"model": "product.attributeproduct", "pk": 509, "fields": {"sort_order": null, "attribute": 61, "product_type": 204}}, {"model": "product.attributevariant", "pk": 500, "fields": {"sort_order": null, "attribute": 60, "product_type": 200}}, {"model": "product.attributevariant", "pk": 501, "fields": {"sort_order": null, "attribute": 61, "product_type": 200}}, {"model": "product.attributevariant", "pk": 502, "fields": {"sort_order": null, "attribute": 60, "product_type": 201}}, {"model": "product.attributevariant", "pk": 503, "fields": {"sort_order": null, "attribute": 61, "product_type": 201}}, {"model": "product.attributevariant", "pk": 504, "fields": {"sort_order": null, "attribute": 60, "product_type": 202}}, {"model": "product.attributevariant", "pk": 505, "fields": {"sort_order": null, "attribute": 61, "product_type": 202}}, {"model": "product.attributevariant", "pk": 506, "fields": {"sort_order": null, "attribute": 60, "product_type": 203}}, {"model": "product.attributevariant", "pk": 507, "fields": {"sort_order": null, "attribute": 61, "product_type": 203}}, {"model": "product.attributevariant", "pk": 508, "fields": {"sort_order": null, "attribute": 60, "product_type": 204}}, {"model": "product.attributevariant", "pk": 509, "fields": {"sort_order": null, "attribute": 61, "product_type": 204}}, {"model": "product.collection", "pk": 2020, "fields": {"publication_date": null, "is_published": true, "private_meta": {}, "meta": {}, "seo_title": null, "seo_description": null, "name": "Kaavish", "slug": "kaavish", "background_image": "kaavish.jpg", "background_image_alt": "", "description": "Taken from our partner store: Kaavish", "description_json": {"blocks": [{"key": "", "data": {}, "text": "Taken from our partner store: Kaavish", "type": "unstyled", "depth": 0, "entityRanges": [], "inlineStyleRanges": []}], "entityMap": {}}}}, {"model": "product.attribute", "pk": 60, "fields": {"private_meta": {}, "meta": {}, "slug": "size", "name": "Size", "input_type": "dropdown", "value_required": false, "is_variant_only": false, "visible_in_storefront": true, "filterable_in_storefront": true, "filterable_in_dashboard": true, "storefront_search_position": 0, "available_in_grid": true}}, {"model": "product.attribute", "pk": 61, "fields": {"private_meta": {}, "meta": {}, "slug": "material", "name": "Material", "input_type": "dropdown", "value_required": false, "is_variant_only": false, "visible_in_storefront": true, "filterable_in_storefront": true, "filterable_in_dashboard": true, "storefront_search_position": 0, "available_in_grid": true}}, {"model": "product.attributevalue", "pk": 25000, "fields": {"sort_order": 0, "name": "S", "value": "", "slug": "s", "attribute": 60}}, {"model": "product.attributevalue", "pk": 25001, "fields": {"sort_order": 1, "name": "M", "value": "", "slug": "m", "attribute": 60}}, {"model": "product.attributevalue", "pk": 25002, "fields": {"sort_order": 2, "name": "L", "value": "", "slug": "l", "attribute": 60}}, {"model": "product.attributevalue", "pk": 25003, "fields": {"sort_order": 3, "name": "XL", "value": "", "slug": "xl", "attribute": 60}}, {"model": "product.attributevalue", "pk": 25004, "fields": {"sort_order": 0, "name": "Cotton", "value": "", "slug": "cotton", "attribute": 61}}, {"model": "product.attributevalue", "pk": 25005, "fields": {"sort_order": 1, "name": "Fabric", "value": "", "slug": "fabric", "attribute": 61}}, {"model": "product.attributevalue", "pk": 25006, "fields": {"sort_order": 2, "name": "Denim", "value": "", "slug": "denim", "attribute": 61}}, {"model": "product.product", "pk": 5000, "fields": {"publication_date": null, "is_published": true, "private_meta": {}, "meta": {"taxes": {"vatlayer": {"code": "standard", "description": ""}}}, "seo_title": "", "seo_description": "Taken from our partner store: Kaavish", "product_type": 200, "name": "Black Skinny Jeans", "description": "A smart pair of jeans with mid-wash detailing on the knees and below pockets, complete with a traditional 5-pocket design.", "description_json": {"blocks": [{"key": "", "data": {}, "text": "A smart pair of jeans with mid-wash detailing on the knees and below pockets, complete with a traditional 5-pocket design.", "type": "unstyled", "depth": 0, "entityRanges": [], "inlineStyleRanges": []}], "entityMap": {}}, "category": 400, "currency": "PKR", "price_amount": "800.00", "minimal_variant_price_amount": "800.00", "url": " ", "updated_at": "2020-02-03 23:36:31.565849", "charge_taxes": true, "weight": "0.0 kg"}}, {"model": "product.product", "pk": 5001, "fields": {"publication_date": null, "is_published": true, "private_meta": {}, "meta": {"taxes": {"vatlayer": {"code": "standard", "description": ""}}}, "seo_title": "", "seo_description": "Taken from our partner store: Kaavish", "product_type": 200, "name": "Beige Round-neck T-Shirt", "description": "A solid color t-shirt with slim-fit design.", "description_json": {"blocks": [{"key": "", "data": {}, "text": "A solid color t-shirt with slim-fit design.", "type": "unstyled", "depth": 0, "entityRanges": [], "inlineStyleRanges": []}], "entityMap": {}}, "category": 401, "currency": "PKR", "price_amount": "800.00", "minimal_variant_price_amount": "800.00", "url": " ", "updated_at": "2020-02-03 23:36:31.565849", "charge_taxes": true, "weight": "0.0 kg"}}, {"model": "product.product", "pk": 5002, "fields": {"publication_date": null, "is_published": true, "private_meta": {}, "meta": {"taxes": {"vatlayer": {"code": "standard", "description": ""}}}, "seo_title": "", "seo_description": "Taken from our partner store: Kaavish", "product_type": 200, "name": "Dark-blue Zipper", "description": "Enjoy the comfort of this warm and toasty jacket. You are going to love it!!! A cotton-poly blend with a 100% cotton face. It has set sleeves and double needle-stitched armholes and bottom-band for durability.", "description_json": {"blocks": [{"key": "", "data": {}, "text": "Enjoy the comfort of this warm and toasty jacket. You are going to love it!!! A cotton-poly blend with a 100% cotton face. It has set sleeves and double needle-stitched armholes and bottom-band for durability.", "type": "unstyled", "depth": 0, "entityRanges": [], "inlineStyleRanges": []}], "entityMap": {}}, "category": 401, "currency": "PKR", "price_amount": "1000.00", "minimal_variant_price_amount": "1000.00", "url": " ", "updated_at": "2020-02-03 23:36:31.565849", "charge_taxes": true, "weight": "0.0 kg"}}, {"model": "product.product", "pk": 5003, "fields": {"publication_date": null, "is_published": true, "private_meta": {}, "meta": {"taxes": {"vatlayer": {"code": "standard", "description": ""}}}, "seo_title": "", "seo_description": "Taken from our partner store: Kaavish", "product_type": 201, "name": "Black Zipper Hoodie", "description": "Enjoy the comfort of this warm and toasty hoodie. You are going to love it!!! A cotton-poly blend with a 100% cotton face. It has set sleeves and double needle-stitched armholes and bottom-band for durability.", "description_json": {"blocks": [{"key": "", "data": {}, "text": "Enjoy the comfort of this warm and toasty hoodie. You are going to love it!!! A cotton-poly blend with a 100% cotton face. It has set sleeves and double needle-stitched armholes and bottom-band for durability.", "type": "unstyled", "depth": 0, "entityRanges": [], "inlineStyleRanges": []}], "entityMap": {}}, "category": 401, "currency": "PKR", "price_amount": "1200.00", "minimal_variant_price_amount": "1200.00", "url": " ", "updated_at": "2020-02-03 23:36:31.565849", "charge_taxes": true, "weight": "0.0 kg"}}, {"model": "product.product", "pk": 5004, "fields": {"publication_date": null, "is_published": true, "private_meta": {}, "meta": {"taxes": {"vatlayer": {"code": "standard", "description": ""}}}, "seo_title": "", "seo_description": "Taken from our partner store: Kaavish", "product_type": 200, "name": "Blue Denim Jeans", "description": "A smart pair of jeans with mid-wash detailing on the knees and below pockets, complete with a traditional 5-pocket design.", "description_json": {"blocks": [{"key": "", "data": {}, "text": "A smart pair of jeans with mid-wash detailing on the knees and below pockets, complete with a traditional 5-pocket design.", "type": "unstyled", "depth": 0, "entityRanges": [], "inlineStyleRanges": []}], "entityMap": {}}, "category": 400, "currency": "PKR", "price_amount": "600.00", "minimal_variant_price_amount": "600.00", "url": " ", "updated_at": "2020-02-03 23:36:31.565849", "charge_taxes": true, "weight": "0.0 kg"}}, {"model": "product.product", "pk": 5005, "fields": {"publication_date": null, "is_published": true, "private_meta": {}, "meta": {"taxes": {"vatlayer": {"code": "standard", "description": ""}}}, "seo_title": "", "seo_description": "Taken from our partner store: Kaavish", "product_type": 202, "name": "Grey Round-neck Half-sleeved T-Shirt", "description": "A solid grey-colored t-shirt with slim-fit design.", "description_json": {"blocks": [{"key": "", "data": {}, "text": "A solid grey-colored t-shirt with slim-fit design.", "type": "unstyled", "depth": 0, "entityRanges": [], "inlineStyleRanges": []}], "entityMap": {}}, "category": 401, "currency": "PKR", "price_amount": "800.00", "minimal_variant_price_amount": "800.00", "url": " ", "updated_at": "2020-02-03 23:36:31.565849", "charge_taxes": true, "weight": "0.0 kg"}}, {"model": "product.product", "pk": 5006, "fields": {"publication_date": null, "is_published": true, "private_meta": {}, "meta": {"taxes": {"vatlayer": {"code": "standard", "description": ""}}}, "seo_title": "", "seo_description": "Taken from our partner store: Kaavish", "product_type": 202, "name": "Grey Round-neck Full-sleeved T-Shirt", "description": "A solid grey-colored t-shirt with slim-fit design.", "description_json": {"blocks": [{"key": "", "data": {}, "text": "A solid grey-colored t-shirt with slim-fit design.", "type": "unstyled", "depth": 0, "entityRanges": [], "inlineStyleRanges": []}], "entityMap": {}}, "category": 401, "currency": "PKR", "price_amount": "800.00", "minimal_variant_price_amount": "800.00", "url": " ", "updated_at": "2020-02-03 23:36:31.565849", "charge_taxes": true, "weight": "0.0 kg"}}, {"model": "product.product", "pk": 5007, "fields": {"publication_date": null, "is_published": true, "private_meta": {}, "meta": {"taxes": {"vatlayer": {"code": "standard", "description": ""}}}, "seo_title": "", "seo_description": "Taken from our partner store: Kaavish", "product_type": 200, "name": "Blue-black Trousers", "description": "A smart pair of trousers with detailing on knees and below pockets, complete with a traditional 5-pocket design.", "description_json": {"blocks": [{"key": "", "data": {}, "text": "A smart pair of trousers with detailing on knees and below pockets, complete with a traditional 5-pocket design.", "type": "unstyled", "depth": 0, "entityRanges": [], "inlineStyleRanges": []}], "entityMap": {}}, "category": 400, "currency": "PKR", "price_amount": "600.00", "minimal_variant_price_amount": "600.00", "url": " ", "updated_at": "2020-02-03 23:36:31.565849", "charge_taxes": true, "weight": "0.0 kg"}}, {"model": "product.product", "pk": 5008, "fields": {"publication_date": null, "is_published": true, "private_meta": {}, "meta": {"taxes": {"vatlayer": {"code": "standard", "description": ""}}}, "seo_title": "", "seo_description": "Taken from our partner store: Kaavish", "product_type": 203, "name": "Red Sleeveless Sweater", "description": "Enjoy the comfort of this warm and toasty sleeveless sweater. You are going to love it!!! A cotton-poly blend with a 100% cotton face. It has set sleeves and double needle-stitched armholes and bottom-band for durability.", "description_json": {"blocks": [{"key": "", "data": {}, "text": "Enjoy the comfort of this warm and toasty sleeveless sweater. You are going to love it!!! A cotton-poly blend with a 100% cotton face. It has set sleeves and double needle-stitched armholes and bottom-band for durability.", "type": "unstyled", "depth": 0, "entityRanges": [], "inlineStyleRanges": []}], "entityMap": {}}, "category": 401, "currency": "PKR", "price_amount": "1600.00", "minimal_variant_price_amount": "1600.00", "url": " ", "updated_at": "2020-02-03 23:36:31.565849", "charge_taxes": true, "weight": "0.0 kg"}}, {"model": "product.product", "pk": 5009, "fields": {"publication_date": null, "is_published": true, "private_meta": {}, "meta": {"taxes": {"vatlayer": {"code": "standard", "description": ""}}}, "seo_title": "", "seo_description": "Taken from our partner store: Kaavish", "product_type": 204, "name": "Full-sleeved Button-down Shirt", "description": "A solid color shirt with slim-fit design.", "description_json": {"blocks": [{"key": "", "data": {}, "text": "A solid color shirt with slim-fit design.", "type": "unstyled", "depth": 0, "entityRanges": [], "inlineStyleRanges": []}], "entityMap": {}}, "category": 401, "currency": "PKR", "price_amount": "600.00", "minimal_variant_price_amount": "600.00", "url": " ", "updated_at": "2020-02-03 23:36:31.565849", "charge_taxes": true, "weight": "0.0 kg"}}, {"model": "product.product", "pk": 5010, "fields": {"publication_date": null, "is_published": true, "private_meta": {}, "meta": {"taxes": {"vatlayer": {"code": "standard", "description": ""}}}, "seo_title": "", "seo_description": "Taken from our partner store: Kaavish", "product_type": 204, "name": "Blue-black Dress Pant", "description": "A smart pair of bottom wear with detailing on knees and below pockets, complete with a traditional 5-pocket design.", "description_json": {"blocks": [{"key": "", "data": {}, "text": "A smart pair of bottom wear with detailing on knees and below pockets, complete with a traditional 5-pocket design.", "type": "unstyled", "depth": 0, "entityRanges": [], "inlineStyleRanges": []}], "entityMap": {}}, "category": 400, "currency": "PKR", "price_amount": "1300.00", "minimal_variant_price_amount": "1300.00", "url": " ", "updated_at": "2020-02-03 23:36:31.565849", "charge_taxes": true, "weight": "0.0 kg"}}, {"model": "product.product", "pk": 5011, "fields": {"publication_date": null, "is_published": true, "private_meta": {}, "meta": {"taxes": {"vatlayer": {"code": "standard", "description": ""}}}, "seo_title": "", "seo_description": "Taken from our partner store: Kaavish", "product_type": 200, "name": "Dark-green Jeans", "description": "A smart pair of jeans with mid-wash detailing on the knees and below pockets, complete with a traditional 5-pocket design.", "description_json": {"blocks": [{"key": "", "data": {}, "text": "A smart pair of jeans with mid-wash detailing on the knees and below pockets, complete with a traditional 5-pocket design.", "type": "unstyled", "depth": 0, "entityRanges": [], "inlineStyleRanges": []}], "entityMap": {}}, "category": 400, "currency": "PKR", "price_amount": "600.00", "minimal_variant_price_amount": "600.00", "url": " ", "updated_at": "2020-02-03 23:36:31.565849", "charge_taxes": true, "weight": "0.0 kg"}}, {"model": "product.product", "pk": 5012, "fields": {"publication_date": null, "is_published": true, "private_meta": {}, "meta": {"taxes": {"vatlayer": {"code": "standard", "description": ""}}}, "seo_title": "", "seo_description": "Taken from our partner store: Kaavish", "product_type": 202, "name": "Off-white Half-sleeved T-Shirt", "description": "A solid off-white t-shirt with slim-fit design.", "description_json": {"blocks": [{"key": "", "data": {}, "text": "A solid off-white t-shirt with slim-fit design.", "type": "unstyled", "depth": 0, "entityRanges": [], "inlineStyleRanges": []}], "entityMap": {}}, "category": 401, "currency": "PKR", "price_amount": "1600.00", "minimal_variant_price_amount": "1600.00", "url": " ", "updated_at": "2020-02-03 23:36:31.565849", "charge_taxes": true, "weight": "0.0 kg"}}, {"model": "product.product", "pk": 5013, "fields": {"publication_date": null, "is_published": true, "private_meta": {}, "meta": {"taxes": {"vatlayer": {"code": "standard", "description": ""}}}, "seo_title": "", "seo_description": "Taken from our partner store: Kaavish", "product_type": 201, "name": "Dark-grey Zipper Hoodie", "description": "Enjoy the comfort of this warm and toasty hoodie. You are going to love it!!! A cotton-poly blend with a 100% cotton face. It has set sleeves and double needle-stitched armholes and bottom-band for durability.", "description_json": {"blocks": [{"key": "", "data": {}, "text": "Enjoy the comfort of this warm and toasty hoodie. You are going to love it!!! A cotton-poly blend with a 100% cotton face. It has set sleeves and double needle-stitched armholes and bottom-band for durability.", "type": "unstyled", "depth": 0, "entityRanges": [], "inlineStyleRanges": []}], "entityMap": {}}, "category": 401, "currency": "PKR", "price_amount": "200.00", "minimal_variant_price_amount": "200.00", "url": " ", "updated_at": "2020-02-03 23:36:31.565849", "charge_taxes": true, "weight": "0.0 kg"}}, {"model": "product.product", "pk": 5014, "fields": {"publication_date": null, "is_published": true, "private_meta": {}, "meta": {"taxes": {"vatlayer": {"code": "standard", "description": ""}}}, "seo_title": "", "seo_description": "Taken from our partner store: Kaavish", "product_type": 200, "name": "Dark-blue Jeans", "description": "A smart pair of jeans with mid-wash detailing on the knees and below pockets, complete with a traditional 5-pocket design.", "description_json": {"blocks": [{"key": "", "data": {}, "text": "A smart pair of jeans with mid-wash detailing on the knees and below pockets, complete with a traditional 5-pocket design.", "type": "unstyled", "depth": 0, "entityRanges": [], "inlineStyleRanges": []}], "entityMap": {}}, "category": 400, "currency": "PKR", "price_amount": "800.00", "minimal_variant_price_amount": "800.00", "url": " ", "updated_at": "2020-02-03 23:36:31.565849", "charge_taxes": true, "weight": "0.0 kg"}}, {"model": "product.product", "pk": 5015, "fields": {"publication_date": null, "is_published": true, "private_meta": {}, "meta": {"taxes": {"vatlayer": {"code": "standard", "description": ""}}}, "seo_title": "", "seo_description": "Taken from our partner store: Kaavish", "product_type": 200, "name": "Light-blue Jeans", "description": "A smart pair of jeans with mid-wash detailing on the knees and below pockets, complete with a traditional 5-pocket design.", "description_json": {"blocks": [{"key": "", "data": {}, "text": "A smart pair of jeans with mid-wash detailing on the knees and below pockets, complete with a traditional 5-pocket design.", "type": "unstyled", "depth": 0, "entityRanges": [], "inlineStyleRanges": []}], "entityMap": {}}, "category": 400, "currency": "PKR", "price_amount": "700.00", "minimal_variant_price_amount": "700.00", "url": " ", "updated_at": "2020-02-03 23:36:31.565849", "charge_taxes": true, "weight": "0.0 kg"}}, {"model": "product.product", "pk": 5016, "fields": {"publication_date": null, "is_published": true, "private_meta": {}, "meta": {"taxes": {"vatlayer": {"code": "standard", "description": ""}}}, "seo_title": "", "seo_description": "Taken from our partner store: Kaavish", "product_type": 204, "name": "Full-sleeved Light-grey Button-down Shirt", "description": "A solid color shirt with slim-fit design.", "description_json": {"blocks": [{"key": "", "data": {}, "text": "A solid color shirt with slim-fit design.", "type": "unstyled", "depth": 0, "entityRanges": [], "inlineStyleRanges": []}], "entityMap": {}}, "category": 401, "currency": "PKR", "price_amount": "900.00", "minimal_variant_price_amount": "900.00", "url": " ", "updated_at": "2020-02-03 23:36:31.565849", "charge_taxes": true, "weight": "0.0 kg"}}, {"model": "product.product", "pk": 5017, "fields": {"publication_date": null, "is_published": true, "private_meta": {}, "meta": {"taxes": {"vatlayer": {"code": "standard", "description": ""}}}, "seo_title": "", "seo_description": "Taken from our partner store: Kaavish", "product_type": 204, "name": "Full-sleeved Light-turquoise Patterened Button-down Shirt", "description": "A solid color button-down shirt with slim-fit design.", "description_json": {"blocks": [{"key": "", "data": {}, "text": "A solid color button-down shirt with slim-fit design.", "type": "unstyled", "depth": 0, "entityRanges": [], "inlineStyleRanges": []}], "entityMap": {}}, "category": 401, "currency": "PKR", "price_amount": "1600.00", "minimal_variant_price_amount": "1600.00", "url": " ", "updated_at": "2020-02-03 23:36:31.565849", "charge_taxes": true, "weight": "0.0 kg"}}, {"model": "product.product", "pk": 5018, "fields": {"publication_date": null, "is_published": true, "private_meta": {}, "meta": {"taxes": {"vatlayer": {"code": "standard", "description": ""}}}, "seo_title": "", "seo_description": "Taken from our partner store: Kaavish", "product_type": 200, "name": "Light-beige Jeans", "description": "A smart pair of jeans with mid-wash detailing on the knees and below pockets, complete with a traditional 5-pocket design.", "description_json": {"blocks": [{"key": "", "data": {}, "text": "A smart pair of jeans with mid-wash detailing on the knees and below pockets, complete with a traditional 5-pocket design.", "type": "unstyled", "depth": 0, "entityRanges": [], "inlineStyleRanges": []}], "entityMap": {}}, "category": 400, "currency": "PKR", "price_amount": "1000.00", "minimal_variant_price_amount": "1000.00", "url": " ", "updated_at": "2020-02-03 23:36:31.565849", "charge_taxes": true, "weight": "0.0 kg"}}, {"model": "product.product", "pk": 5019, "fields": {"publication_date": null, "is_published": true, "private_meta": {}, "meta": {"taxes": {"vatlayer": {"code": "standard", "description": ""}}}, "seo_title": "", "seo_description": "Taken from our partner store: Kaavish", "product_type": 200, "name": "Dark-grey Stanford Pullover", "description": "Enjoy the comfort of this warm and toasty jacket. You are going to love it!!! A cotton-poly blend with a 100% cotton face. It has set sleeves and double needle-stitched armholes and bottom-band for durability.", "description_json": {"blocks": [{"key": "", "data": {}, "text": "Enjoy the comfort of this warm and toasty jacket. You are going to love it!!! A cotton-poly blend with a 100% cotton face. It has set sleeves and double needle-stitched armholes and bottom-band for durability.", "type": "unstyled", "depth": 0, "entityRanges": [], "inlineStyleRanges": []}], "entityMap": {}}, "category": 401, "currency": "PKR", "price_amount": "1500.00", "minimal_variant_price_amount": "1500.00", "url": " ", "updated_at": "2020-02-03 23:36:31.565849", "charge_taxes": true, "weight": "0.0 kg"}}, {"model": "product.product", "pk": 5020, "fields": {"publication_date": null, "is_published": true, "private_meta": {}, "meta": {"taxes": {"vatlayer": {"code": "standard", "description": ""}}}, "seo_title": "", "seo_description": "Taken from our partner store: Kaavish", "product_type": 200, "name": "Off-White Trouser Jeans", "description": "A smart pair of trousers with detailing on knees and below pockets, complete with a traditional 5-pocket design.", "description_json": {"blocks": [{"key": "", "data": {}, "text": "A smart pair of trousers with detailing on knees and below pockets, complete with a traditional 5-pocket design.", "type": "unstyled", "depth": 0, "entityRanges": [], "inlineStyleRanges": []}], "entityMap": {}}, "category": 400, "currency": "PKR", "price_amount": "500.00", "minimal_variant_price_amount": "500.00", "url": " ", "updated_at": "2020-02-03 23:36:31.565849", "charge_taxes": true, "weight": "0.0 kg"}}, {"model": "product.product", "pk": 5021, "fields": {"publication_date": null, "is_published": true, "private_meta": {}, "meta": {"taxes": {"vatlayer": {"code": "standard", "description": ""}}}, "seo_title": "", "seo_description": "Taken from our partner store: Kaavish", "product_type": 200, "name": "Dark-blue Faded Jeans", "description": "A smart pair of trousers with detailing on knees and below pockets, complete with a traditional 5-pocket design.", "description_json": {"blocks": [{"key": "", "data": {}, "text": "A smart pair of trousers with detailing on knees and below pockets, complete with a traditional 5-pocket design.", "type": "unstyled", "depth": 0, "entityRanges": [], "inlineStyleRanges": []}], "entityMap": {}}, "category": 400, "currency": "PKR", "price_amount": "1200.00", "minimal_variant_price_amount": "1200.00", "url": " ", "updated_at": "2020-02-03 23:36:31.565849", "charge_taxes": true, "weight": "0.0 kg"}}, {"model": "product.product", "pk": 5022, "fields": {"publication_date": null, "is_published": true, "private_meta": {}, "meta": {"taxes": {"vatlayer": {"code": "standard", "description": ""}}}, "seo_title": "", "seo_description": "Taken from our partner store: Kaavish", "product_type": 200, "name": "Sky-blue Round-neck T-Shirt", "description": "A solid color t-shirt with slim-fit design.", "description_json": {"blocks": [{"key": "", "data": {}, "text": "A solid color t-shirt with slim-fit design.", "type": "unstyled", "depth": 0, "entityRanges": [], "inlineStyleRanges": []}], "entityMap": {}}, "category": 401, "currency": "PKR", "price_amount": "300.00", "minimal_variant_price_amount": "300.00", "url": " ", "updated_at": "2020-02-03 23:36:31.565849", "charge_taxes": true, "weight": "0.0 kg"}}, {"model": "product.product", "pk": 5023, "fields": {"publication_date": null, "is_published": true, "private_meta": {}, "meta": {"taxes": {"vatlayer": {"code": "standard", "description": ""}}}, "seo_title": "", "seo_description": "Taken from our partner store: Kaavish", "product_type": 204, "name": "Full-sleeved Dark-turquoise Button-down Shirt", "description": "A solid color button-down shirt with slim-fit design.", "description_json": {"blocks": [{"key": "", "data": {}, "text": "A solid color button-down shirt with slim-fit design.", "type": "unstyled", "depth": 0, "entityRanges": [], "inlineStyleRanges": []}], "entityMap": {}}, "category": 401, "currency": "PKR", "price_amount": "900.00", "minimal_variant_price_amount": "900.00", "url": " ", "updated_at": "2020-02-03 23:36:31.565849", "charge_taxes": true, "weight": "0.0 kg"}}, {"model": "product.product", "pk": 5024, "fields": {"publication_date": null, "is_published": true, "private_meta": {}, "meta": {"taxes": {"vatlayer": {"code": "standard", "description": ""}}}, "seo_title": "", "seo_description": "Taken from our partner store: Kaavish", "product_type": 200, "name": "Blue Denim Jeans", "description": "A smart pair of trousers with detailing on knees and below pockets, complete with a traditional 5-pocket design.", "description_json": {"blocks": [{"key": "", "data": {}, "text": "A smart pair of trousers with detailing on knees and below pockets, complete with a traditional 5-pocket design.", "type": "unstyled", "depth": 0, "entityRanges": [], "inlineStyleRanges": []}], "entityMap": {}}, "category": 400, "currency": "PKR", "price_amount": "1200.00", "minimal_variant_price_amount": "1200.00", "url": " ", "updated_at": "2020-02-03 23:36:31.565849", "charge_taxes": true, "weight": "0.0 kg"}}, {"model": "product.product", "pk": 5025, "fields": {"publication_date": null, "is_published": true, "private_meta": {}, "meta": {"taxes": {"vatlayer": {"code": "standard", "description": ""}}}, "seo_title": "", "seo_description": "Taken from our partner store: Kaavish", "product_type": 200, "name": "Grey Jeans", "description": "A smart pair of trousers with detailing on knees and below pockets, complete with a traditional 5-pocket design.", "description_json": {"blocks": [{"key": "", "data": {}, "text": "A smart pair of trousers with detailing on knees and below pockets, complete with a traditional 5-pocket design.", "type": "unstyled", "depth": 0, "entityRanges": [], "inlineStyleRanges": []}], "entityMap": {}}, "category": 400, "currency": "PKR", "price_amount": "900.00", "minimal_variant_price_amount": "900.00", "url": " ", "updated_at": "2020-02-03 23:36:31.565849", "charge_taxes": true, "weight": "0.0 kg"}}, {"model": "product.product", "pk": 5026, "fields": {"publication_date": null, "is_published": true, "private_meta": {}, "meta": {"taxes": {"vatlayer": {"code": "standard", "description": ""}}}, "seo_title": "", "seo_description": "Taken from our partner store: Kaavish", "product_type": 200, "name": "Black Zipper Hoodie", "description": "Enjoy the comfort of this warm and toasty hoodie. You are going to love it!!! A cotton-poly blend with a 100% cotton face. It has set sleeves and double needle-stitched armholes and bottom-band for durability.", "description_json": {"blocks": [{"key": "", "data": {}, "text": "Enjoy the comfort of this warm and toasty hoodie. You are going to love it!!! A cotton-poly blend with a 100% cotton face. It has set sleeves and double needle-stitched armholes and bottom-band for durability.", "type": "unstyled", "depth": 0, "entityRanges": [], "inlineStyleRanges": []}], "entityMap": {}}, "category": 401, "currency": "PKR", "price_amount": "1560.00", "minimal_variant_price_amount": "1560.00", "url": " ", "updated_at": "2020-02-03 23:36:31.565849", "charge_taxes": true, "weight": "0.0 kg"}}, {"model": "product.product", "pk": 5027, "fields": {"publication_date": null, "is_published": true, "private_meta": {}, "meta": {"taxes": {"vatlayer": {"code": "standard", "description": ""}}}, "seo_title": "", "seo_description": "Taken from our partner store: Kaavish", "product_type": 204, "name": "Full-sleeved Red Button-down Shirt", "description": "A solid color button-down shirt with slim-fit design.", "description_json": {"blocks": [{"key": "", "data": {}, "text": "A solid color button-down shirt with slim-fit design.", "type": "unstyled", "depth": 0, "entityRanges": [], "inlineStyleRanges": []}], "entityMap": {}}, "category": 401, "currency": "PKR", "price_amount": "600.00", "minimal_variant_price_amount": "600.00", "url": " ", "updated_at": "2020-02-03 23:36:31.565849", "charge_taxes": true, "weight": "0.0 kg"}}, {"model": "product.product", "pk": 5028, "fields": {"publication_date": null, "is_published": true, "private_meta": {}, "meta": {"taxes": {"vatlayer": {"code": "standard", "description": ""}}}, "seo_title": "", "seo_description": "Taken from our partner store: Kaavish", "product_type": 200, "name": "Black Jeans", "description": "A smart pair of trousers with detailing on knees and below pockets, complete with a traditional 5-pocket design.", "description_json": {"blocks": [{"key": "", "data": {}, "text": "A smart pair of trousers with detailing on knees and below pockets, complete with a traditional 5-pocket design.", "type": "unstyled", "depth": 0, "entityRanges": [], "inlineStyleRanges": []}], "entityMap": {}}, "category": 400, "currency": "PKR", "price_amount": "1000.00", "minimal_variant_price_amount": "1000.00", "url": " ", "updated_at": "2020-02-03 23:36:31.565849", "charge_taxes": true, "weight": "0.0 kg"}}, {"model": "product.product", "pk": 5029, "fields": {"publication_date": null, "is_published": true, "private_meta": {}, "meta": {"taxes": {"vatlayer": {"code": "standard", "description": ""}}}, "seo_title": "", "seo_description": "Taken from our partner store: Kaavish", "product_type": 200, "name": "Blackish Green V-neck T-Shirt", "description": "A solid color t-shirt with slim-fit design.", "description_json": {"blocks": [{"key": "", "data": {}, "text": "A solid color t-shirt with slim-fit design.", "type": "unstyled", "depth": 0, "entityRanges": [], "inlineStyleRanges": []}], "entityMap": {}}, "category": 401, "currency": "PKR", "price_amount": "1200.00", "minimal_variant_price_amount": "1200.00", "url": " ", "updated_at": "2020-02-03 23:36:31.565849", "charge_taxes": true, "weight": "0.0 kg"}}, {"model": "product.product", "pk": 5030, "fields": {"publication_date": null, "is_published": true, "private_meta": {}, "meta": {"taxes": {"vatlayer": {"code": "standard", "description": ""}}}, "seo_title": "", "seo_description": "Taken from our partner store: Kaavish", "product_type": 200, "name": "White and Green Pullover", "description": "Enjoy the comfort of this warm and toasty hoodie. You are going to love it!!! A cotton-poly blend with a 100% cotton face. It has set sleeves and double needle-stitched armholes and bottom-band for durability.", "description_json": {"blocks": [{"key": "", "data": {}, "text": "Enjoy the comfort of this warm and toasty hoodie. You are going to love it!!! A cotton-poly blend with a 100% cotton face. It has set sleeves and double needle-stitched armholes and bottom-band for durability.", "type": "unstyled", "depth": 0, "entityRanges": [], "inlineStyleRanges": []}], "entityMap": {}}, "category": 401, "currency": "PKR", "price_amount": "1360.00", "minimal_variant_price_amount": "1360.00", "url": " ", "updated_at": "2020-02-03 23:36:31.565849", "charge_taxes": true, "weight": "0.0 kg"}}, {"model": "product.product", "pk": 5031, "fields": {"publication_date": null, "is_published": true, "private_meta": {}, "meta": {"taxes": {"vatlayer": {"code": "standard", "description": ""}}}, "seo_title": "", "seo_description": "Taken from our partner store: Kaavish", "product_type": 200, "name": "Dark Blue Jeans", "description": "A smart pair of trousers with detailing on knees and below pockets, complete with a traditional 5-pocket design.", "description_json": {"blocks": [{"key": "", "data": {}, "text": "A smart pair of trousers with detailing on knees and below pockets, complete with a traditional 5-pocket design.", "type": "unstyled", "depth": 0, "entityRanges": [], "inlineStyleRanges": []}], "entityMap": {}}, "category": 400, "currency": "PKR", "price_amount": "700.00", "minimal_variant_price_amount": "700.00", "url": " ", "updated_at": "2020-02-03 23:36:31.565849", "charge_taxes": true, "weight": "0.0 kg"}}, {"model": "product.product", "pk": 5032, "fields": {"publication_date": null, "is_published": true, "private_meta": {}, "meta": {"taxes": {"vatlayer": {"code": "standard", "description": ""}}}, "seo_title": "", "seo_description": "Taken from our partner store: Kaavish", "product_type": 200, "name": "Black Slim-fit Jeans", "description": "A smart pair of slim-fit with detailing on knees and below pockets, complete with a traditional 5-pocket design.", "description_json": {"blocks": [{"key": "", "data": {}, "text": "A smart pair of slim-fit with detailing on knees and below pockets, complete with a traditional 5-pocket design.", "type": "unstyled", "depth": 0, "entityRanges": [], "inlineStyleRanges": []}], "entityMap": {}}, "category": 400, "currency": "PKR", "price_amount": "900.00", "minimal_variant_price_amount": "900.00", "url": " ", "updated_at": "2020-02-03 23:36:31.565849", "charge_taxes": true, "weight": "0.0 kg"}}, {"model": "product.product", "pk": 5033, "fields": {"publication_date": null, "is_published": true, "private_meta": {}, "meta": {"taxes": {"vatlayer": {"code": "standard", "description": ""}}}, "seo_title": "", "seo_description": "Taken from our partner store: Kaavish", "product_type": 204, "name": "Full-sleeved Light-blue Checked Button-down Shirt", "description": "A solid color button-down shirt with slim-fit design.", "description_json": {"blocks": [{"key": "", "data": {}, "text": "A solid color button-down shirt with slim-fit design.", "type": "unstyled", "depth": 0, "entityRanges": [], "inlineStyleRanges": []}], "entityMap": {}}, "category": 401, "currency": "PKR", "price_amount": "900.00", "minimal_variant_price_amount": "900.00", "url": " ", "updated_at": "2020-02-03 23:36:31.565849", "charge_taxes": true, "weight": "0.0 kg"}}, {"model": "product.product", "pk": 5034, "fields": {"publication_date": null, "is_published": true, "private_meta": {}, "meta": {"taxes": {"vatlayer": {"code": "standard", "description": ""}}}, "seo_title": "", "seo_description": "Taken from our partner store: Kaavish", "product_type": 200, "name": "Blue Jeans", "description": "A smart pair of slim-fit with detailing on knees and below pockets, complete with a traditional 5-pocket design.", "description_json": {"blocks": [{"key": "", "data": {}, "text": "A smart pair of slim-fit with detailing on knees and below pockets, complete with a traditional 5-pocket design.", "type": "unstyled", "depth": 0, "entityRanges": [], "inlineStyleRanges": []}], "entityMap": {}}, "category": 400, "currency": "PKR", "price_amount": "1100.00", "minimal_variant_price_amount": "1100.00", "url": " ", "updated_at": "2020-02-03 23:36:31.565849", "charge_taxes": true, "weight": "0.0 kg"}}, {"model": "product.product", "pk": 5035, "fields": {"publication_date": null, "is_published": true, "private_meta": {}, "meta": {"taxes": {"vatlayer": {"code": "standard", "description": ""}}}, "seo_title": "", "seo_description": "Taken from our partner store: Kaavish", "product_type": 200, "name": "White Printed Round-neck T-Shirt", "description": "A solid color t-shirt with slim-fit design.", "description_json": {"blocks": [{"key": "", "data": {}, "text": "A solid color t-shirt with slim-fit design.", "type": "unstyled", "depth": 0, "entityRanges": [], "inlineStyleRanges": []}], "entityMap": {}}, "category": 401, "currency": "PKR", "price_amount": "800.00", "minimal_variant_price_amount": "800.00", "url": " ", "updated_at": "2020-02-03 23:36:31.565849", "charge_taxes": true, "weight": "0.0 kg"}}, {"model": "product.product", "pk": 5036, "fields": {"publication_date": null, "is_published": true, "private_meta": {}, "meta": {"taxes": {"vatlayer": {"code": "standard", "description": ""}}}, "seo_title": "", "seo_description": "Taken from our partner store: Kaavish", "product_type": 204, "name": "Full-sleeved Light-pink Checked Button-down Shirt", "description": "A solid color button-down shirt with slim-fit design.", "description_json": {"blocks": [{"key": "", "data": {}, "text": "A solid color button-down shirt with slim-fit design.", "type": "unstyled", "depth": 0, "entityRanges": [], "inlineStyleRanges": []}], "entityMap": {}}, "category": 401, "currency": "PKR", "price_amount": "900.00", "minimal_variant_price_amount": "900.00", "url": " ", "updated_at": "2020-02-03 23:36:31.565849", "charge_taxes": true, "weight": "0.0 kg"}}, {"model": "product.product", "pk": 5037, "fields": {"publication_date": null, "is_published": true, "private_meta": {}, "meta": {"taxes": {"vatlayer": {"code": "standard", "description": ""}}}, "seo_title": "", "seo_description": "Taken from our partner store: Kaavish", "product_type": 200, "name": "Blue Faded Jeans", "description": "A smart pair of slim-fit with detailing on knees and below pockets, complete with a traditional 5-pocket design.", "description_json": {"blocks": [{"key": "", "data": {}, "text": "A smart pair of slim-fit with detailing on knees and below pockets, complete with a traditional 5-pocket design.", "type": "unstyled", "depth": 0, "entityRanges": [], "inlineStyleRanges": []}], "entityMap": {}}, "category": 400, "currency": "PKR", "price_amount": "2100.00", "minimal_variant_price_amount": "2100.00", "url": " ", "updated_at": "2020-02-03 23:36:31.565849", "charge_taxes": true, "weight": "0.0 kg"}}, {"model": "product.product", "pk": 5038, "fields": {"publication_date": null, "is_published": true, "private_meta": {}, "meta": {"taxes": {"vatlayer": {"code": "standard", "description": ""}}}, "seo_title": "", "seo_description": "Taken from our partner store: Kaavish", "product_type": 200, "name": "Double-Shaded Blue Round-neck T-Shirt", "description": "A solid color t-shirt with slim-fit design.", "description_json": {"blocks": [{"key": "", "data": {}, "text": "A solid color t-shirt with slim-fit design.", "type": "unstyled", "depth": 0, "entityRanges": [], "inlineStyleRanges": []}], "entityMap": {}}, "category": 401, "currency": "PKR", "price_amount": "600.00", "minimal_variant_price_amount": "600.00", "url": " ", "updated_at": "2020-02-03 23:36:31.565849", "charge_taxes": true, "weight": "0.0 kg"}}, {"model": "product.product", "pk": 5039, "fields": {"publication_date": null, "is_published": true, "private_meta": {}, "meta": {"taxes": {"vatlayer": {"code": "standard", "description": ""}}}, "seo_title": "", "seo_description": "Taken from our partner store: Kaavish", "product_type": 200, "name": "Off-White Round-neck T-Shirt", "description": "A solid color t-shirt with slim-fit design.", "description_json": {"blocks": [{"key": "", "data": {}, "text": "A solid color t-shirt with slim-fit design.", "type": "unstyled", "depth": 0, "entityRanges": [], "inlineStyleRanges": []}], "entityMap": {}}, "category": 401, "currency": "PKR", "price_amount": "400.00", "minimal_variant_price_amount": "400.00", "url": " ", "updated_at": "2020-02-03 23:36:31.565849", "charge_taxes": true, "weight": "0.0 kg"}}, {"model": "product.product", "pk": 5040, "fields": {"publication_date": null, "is_published": true, "private_meta": {}, "meta": {"taxes": {"vatlayer": {"code": "standard", "description": ""}}}, "seo_title": "", "seo_description": "Taken from our partner store: Kaavish", "product_type": 200, "name": "Blue and Black Zipper", "description": "Enjoy the comfort of this warm and toasty hoodie. You are going to love it!!! A cotton-poly blend with a 100% cotton face. It has set sleeves and double needle-stitched armholes and bottom-band for durability.", "description_json": {"blocks": [{"key": "", "data": {}, "text": "Enjoy the comfort of this warm and toasty hoodie. You are going to love it!!! A cotton-poly blend with a 100% cotton face. It has set sleeves and double needle-stitched armholes and bottom-band for durability.", "type": "unstyled", "depth": 0, "entityRanges": [], "inlineStyleRanges": []}], "entityMap": {}}, "category": 401, "currency": "PKR", "price_amount": "970.00", "minimal_variant_price_amount": "970.00", "url": " ", "updated_at": "2020-02-03 23:36:31.565849", "charge_taxes": true, "weight": "0.0 kg"}}, {"model": "product.product", "pk": 5041, "fields": {"publication_date": null, "is_published": true, "private_meta": {}, "meta": {"taxes": {"vatlayer": {"code": "standard", "description": ""}}}, "seo_title": "", "seo_description": "Taken from our partner store: Kaavish", "product_type": 200, "name": "Grey Hoodie", "description": "Enjoy the comfort of this warm and toasty hoodie. You are going to love it!!! A cotton-poly blend with a 100% cotton face. It has set sleeves and double needle-stitched armholes and bottom-band for durability.", "description_json": {"blocks": [{"key": "", "data": {}, "text": "Enjoy the comfort of this warm and toasty hoodie. You are going to love it!!! A cotton-poly blend with a 100% cotton face. It has set sleeves and double needle-stitched armholes and bottom-band for durability.", "type": "unstyled", "depth": 0, "entityRanges": [], "inlineStyleRanges": []}], "entityMap": {}}, "category": 401, "currency": "PKR", "price_amount": "1300.00", "minimal_variant_price_amount": "1300.00", "url": " ", "updated_at": "2020-02-03 23:36:31.565849", "charge_taxes": true, "weight": "0.0 kg"}}, {"model": "product.product", "pk": 5042, "fields": {"publication_date": null, "is_published": true, "private_meta": {}, "meta": {"taxes": {"vatlayer": {"code": "standard", "description": ""}}}, "seo_title": "", "seo_description": "Taken from our partner store: Kaavish", "product_type": 200, "name": "Blue Denim Jeans", "description": "A smart pair of slim-fit with detailing on knees and below pockets, complete with a traditional 5-pocket design.", "description_json": {"blocks": [{"key": "", "data": {}, "text": "A smart pair of slim-fit with detailing on knees and below pockets, complete with a traditional 5-pocket design.", "type": "unstyled", "depth": 0, "entityRanges": [], "inlineStyleRanges": []}], "entityMap": {}}, "category": 400, "currency": "PKR", "price_amount": "1100.00", "minimal_variant_price_amount": "1100.00", "url": " ", "updated_at": "2020-02-03 23:36:31.565849", "charge_taxes": true, "weight": "0.0 kg"}}, {"model": "product.product", "pk": 5043, "fields": {"publication_date": null, "is_published": true, "private_meta": {}, "meta": {"taxes": {"vatlayer": {"code": "standard", "description": ""}}}, "seo_title": "", "seo_description": "Taken from our partner store: Kaavish", "product_type": 200, "name": "Blue Collared T-Shirt", "description": "A solid color t-shirt with slim-fit design.", "description_json": {"blocks": [{"key": "", "data": {}, "text": "A solid color t-shirt with slim-fit design.", "type": "unstyled", "depth": 0, "entityRanges": [], "inlineStyleRanges": []}], "entityMap": {}}, "category": 401, "currency": "PKR", "price_amount": "600.00", "minimal_variant_price_amount": "600.00", "url": " ", "updated_at": "2020-02-03 23:36:31.565849", "charge_taxes": true, "weight": "0.0 kg"}}, {"model": "product.product", "pk": 5044, "fields": {"publication_date": null, "is_published": true, "private_meta": {}, "meta": {"taxes": {"vatlayer": {"code": "standard", "description": ""}}}, "seo_title": "", "seo_description": "Taken from our partner store: Kaavish", "product_type": 200, "name": "Black Round-neck T-Shirt", "description": "A solid color t-shirt with slim-fit design.", "description_json": {"blocks": [{"key": "", "data": {}, "text": "A solid color t-shirt with slim-fit design.", "type": "unstyled", "depth": 0, "entityRanges": [], "inlineStyleRanges": []}], "entityMap": {}}, "category": 401, "currency": "PKR", "price_amount": "800.00", "minimal_variant_price_amount": "800.00", "url": " ", "updated_at": "2020-02-03 23:36:31.565849", "charge_taxes": true, "weight": "0.0 kg"}}, {"model": "product.product", "pk": 5045, "fields": {"publication_date": null, "is_published": true, "private_meta": {}, "meta": {"taxes": {"vatlayer": {"code": "standard", "description": ""}}}, "seo_title": "", "seo_description": "Taken from our partner store: Kaavish", "product_type": 200, "name": "Black Loose-fit Jeans", "description": "A smart pair of slim-fit with detailing on knees and below pockets, complete with a traditional 5-pocket design.", "description_json": {"blocks": [{"key": "", "data": {}, "text": "A smart pair of slim-fit with detailing on knees and below pockets, complete with a traditional 5-pocket design.", "type": "unstyled", "depth": 0, "entityRanges": [], "inlineStyleRanges": []}], "entityMap": {}}, "category": 400, "currency": "PKR", "price_amount": "1100.00", "minimal_variant_price_amount": "1100.00", "url": " ", "updated_at": "2020-02-03 23:36:31.565849", "charge_taxes": true, "weight": "0.0 kg"}}, {"model": "product.product", "pk": 5046, "fields": {"publication_date": null, "is_published": true, "private_meta": {}, "meta": {"taxes": {"vatlayer": {"code": "standard", "description": ""}}}, "seo_title": "", "seo_description": "Taken from our partner store: Kaavish", "product_type": 200, "name": "Black Hoodie", "description": "Enjoy the comfort of this warm and toasty hoodie. You are going to love it!!! A cotton-poly blend with a 100% cotton face. It has set sleeves and double needle-stitched armholes and bottom-band for durability.", "description_json": {"blocks": [{"key": "", "data": {}, "text": "Enjoy the comfort of this warm and toasty hoodie. You are going to love it!!! A cotton-poly blend with a 100% cotton face. It has set sleeves and double needle-stitched armholes and bottom-band for durability.", "type": "unstyled", "depth": 0, "entityRanges": [], "inlineStyleRanges": []}], "entityMap": {}}, "category": 401, "currency": "PKR", "price_amount": "1550.00", "minimal_variant_price_amount": "1550.00", "url": " ", "updated_at": "2020-02-03 23:36:31.565849", "charge_taxes": true, "weight": "0.0 kg"}}, {"model": "product.product", "pk": 5047, "fields": {"publication_date": null, "is_published": true, "private_meta": {}, "meta": {"taxes": {"vatlayer": {"code": "standard", "description": ""}}}, "seo_title": "", "seo_description": "Taken from our partner store: Kaavish", "product_type": 200, "name": "Grey Hoodie", "description": "Enjoy the comfort of this warm and toasty hoodie. You are going to love it!!! A cotton-poly blend with a 100% cotton face. It has set sleeves and double needle-stitched armholes and bottom-band for durability.", "description_json": {"blocks": [{"key": "", "data": {}, "text": "Enjoy the comfort of this warm and toasty hoodie. You are going to love it!!! A cotton-poly blend with a 100% cotton face. It has set sleeves and double needle-stitched armholes and bottom-band for durability.", "type": "unstyled", "depth": 0, "entityRanges": [], "inlineStyleRanges": []}], "entityMap": {}}, "category": 401, "currency": "PKR", "price_amount": "1150.00", "minimal_variant_price_amount": "1150.00", "url": " ", "updated_at": "2020-02-03 23:36:31.565849", "charge_taxes": true, "weight": "0.0 kg"}}, {"model": "product.product", "pk": 5048, "fields": {"publication_date": null, "is_published": true, "private_meta": {}, "meta": {"taxes": {"vatlayer": {"code": "standard", "description": ""}}}, "seo_title": "", "seo_description": "Taken from our partner store: Kaavish", "product_type": 200, "name": "Brown Leather Jacket", "description": "Enjoy the comfort of this warm and toasty jacket. You are going to love it!!! A cotton-poly blend with a 100% cotton face. It has set sleeves and double needle-stitched armholes and bottom-band for durability.", "description_json": {"blocks": [{"key": "", "data": {}, "text": "Enjoy the comfort of this warm and toasty jacket. You are going to love it!!! A cotton-poly blend with a 100% cotton face. It has set sleeves and double needle-stitched armholes and bottom-band for durability.", "type": "unstyled", "depth": 0, "entityRanges": [], "inlineStyleRanges": []}], "entityMap": {}}, "category": 401, "currency": "PKR", "price_amount": "2150.00", "minimal_variant_price_amount": "2150.00", "url": " ", "updated_at": "2020-02-03 23:36:31.565849", "charge_taxes": true, "weight": "0.0 kg"}}, {"model": "product.product", "pk": 5049, "fields": {"publication_date": null, "is_published": true, "private_meta": {}, "meta": {"taxes": {"vatlayer": {"code": "standard", "description": ""}}}, "seo_title": "", "seo_description": "Taken from our partner store: Kaavish", "product_type": 200, "name": "Dark-blue Round-neck T-Shirt", "description": "A solid color t-shirt with slim-fit design.", "description_json": {"blocks": [{"key": "", "data": {}, "text": "A solid color t-shirt with slim-fit design.", "type": "unstyled", "depth": 0, "entityRanges": [], "inlineStyleRanges": []}], "entityMap": {}}, "category": 401, "currency": "PKR", "price_amount": "500.00", "minimal_variant_price_amount": "500.00", "url": " ", "updated_at": "2020-02-03 23:36:31.565849", "charge_taxes": true, "weight": "0.0 kg"}}, {"model": "product.product", "pk": 5050, "fields": {"publication_date": null, "is_published": true, "private_meta": {}, "meta": {"taxes": {"vatlayer": {"code": "standard", "description": ""}}}, "seo_title": "", "seo_description": "Taken from our partner store: Kaavish", "product_type": 200, "name": "Blue Zipper", "description": "Enjoy the comfort of this warm and toasty hoodie. You are going to love it!!! A cotton-poly blend with a 100% cotton face. It has set sleeves and double needle-stitched armholes and bottom-band for durability.", "description_json": {"blocks": [{"key": "", "data": {}, "text": "Enjoy the comfort of this warm and toasty hoodie. You are going to love it!!! A cotton-poly blend with a 100% cotton face. It has set sleeves and double needle-stitched armholes and bottom-band for durability.", "type": "unstyled", "depth": 0, "entityRanges": [], "inlineStyleRanges": []}], "entityMap": {}}, "category": 401, "currency": "PKR", "price_amount": "2150.00", "minimal_variant_price_amount": "2150.00", "url": " ", "updated_at": "2020-02-03 23:36:31.565849", "charge_taxes": true, "weight": "0.0 kg"}}, {"model": "product.product", "pk": 5051, "fields": {"publication_date": null, "is_published": true, "private_meta": {}, "meta": {"taxes": {"vatlayer": {"code": "standard", "description": ""}}}, "seo_title": "", "seo_description": "Taken from our partner store: Kaavish", "product_type": 200, "name": "Blue Round-neck T-Shirt", "description": "A solid color t-shirt with slim-fit design.", "description_json": {"blocks": [{"key": "", "data": {}, "text": "A solid color t-shirt with slim-fit design.", "type": "unstyled", "depth": 0, "entityRanges": [], "inlineStyleRanges": []}], "entityMap": {}}, "category": 401, "currency": "PKR", "price_amount": "400.00", "minimal_variant_price_amount": "400.00", "url": " ", "updated_at": "2020-02-03 23:36:31.565849", "charge_taxes": true, "weight": "0.0 kg"}}, {"model": "product.product", "pk": 5052, "fields": {"publication_date": null, "is_published": true, "private_meta": {}, "meta": {"taxes": {"vatlayer": {"code": "standard", "description": ""}}}, "seo_title": "", "seo_description": "Taken from our partner store: Kaavish", "product_type": 200, "name": "Grey Full-Sleeved Round-neck T-Shirt", "description": "A solid color t-shirt with slim-fit design.", "description_json": {"blocks": [{"key": "", "data": {}, "text": "A solid color t-shirt with slim-fit design.", "type": "unstyled", "depth": 0, "entityRanges": [], "inlineStyleRanges": []}], "entityMap": {}}, "category": 401, "currency": "PKR", "price_amount": "700.00", "minimal_variant_price_amount": "700.00", "url": " ", "updated_at": "2020-02-03 23:36:31.565849", "charge_taxes": true, "weight": "0.0 kg"}}, {"model": "product.product", "pk": 5053, "fields": {"publication_date": null, "is_published": true, "private_meta": {}, "meta": {"taxes": {"vatlayer": {"code": "standard", "description": ""}}}, "seo_title": "", "seo_description": "Taken from our partner store: Kaavish", "product_type": 200, "name": "Light Blue Denim Jeans", "description": "A smart pair of slim-fit with detailing on knees and below pockets, complete with a traditional 5-pocket design.", "description_json": {"blocks": [{"key": "", "data": {}, "text": "A smart pair of slim-fit with detailing on knees and below pockets, complete with a traditional 5-pocket design.", "type": "unstyled", "depth": 0, "entityRanges": [], "inlineStyleRanges": []}], "entityMap": {}}, "category": 400, "currency": "PKR", "price_amount": "1500.00", "minimal_variant_price_amount": "1500.00", "url": " ", "updated_at": "2020-02-03 23:36:31.565849", "charge_taxes": true, "weight": "0.0 kg"}}, {"model": "product.product", "pk": 5054, "fields": {"publication_date": null, "is_published": true, "private_meta": {}, "meta": {"taxes": {"vatlayer": {"code": "standard", "description": ""}}}, "seo_title": "", "seo_description": "Taken from our partner store: Kaavish", "product_type": 204, "name": "Full-sleeved Dark-blue Checked Button-down Shirt", "description": "A solid color button-down shirt with slim-fit design.", "description_json": {"blocks": [{"key": "", "data": {}, "text": "A solid color button-down shirt with slim-fit design.", "type": "unstyled", "depth": 0, "entityRanges": [], "inlineStyleRanges": []}], "entityMap": {}}, "category": 401, "currency": "PKR", "price_amount": "600.00", "minimal_variant_price_amount": "600.00", "url": " ", "updated_at": "2020-02-03 23:36:31.565849", "charge_taxes": true, "weight": "0.0 kg"}}, {"model": "product.product", "pk": 5055, "fields": {"publication_date": null, "is_published": true, "private_meta": {}, "meta": {"taxes": {"vatlayer": {"code": "standard", "description": ""}}}, "seo_title": "", "seo_description": "Taken from our partner store: Kaavish", "product_type": 200, "name": "Blue Denim Loose-fit Jeans", "description": "A smart pair of slim-fit with detailing on knees and below pockets, complete with a traditional 5-pocket design.", "description_json": {"blocks": [{"key": "", "data": {}, "text": "A smart pair of slim-fit with detailing on knees and below pockets, complete with a traditional 5-pocket design.", "type": "unstyled", "depth": 0, "entityRanges": [], "inlineStyleRanges": []}], "entityMap": {}}, "category": 400, "currency": "PKR", "price_amount": "900.00", "minimal_variant_price_amount": "900.00", "url": " ", "updated_at": "2020-02-03 23:36:31.565849", "charge_taxes": true, "weight": "0.0 kg"}}, {"model": "product.product", "pk": 5056, "fields": {"publication_date": null, "is_published": true, "private_meta": {}, "meta": {"taxes": {"vatlayer": {"code": "standard", "description": ""}}}, "seo_title": "", "seo_description": "Taken from our partner store: Kaavish", "product_type": 200, "name": "Light-beige Full-Sleeved T-Shirt", "description": "A solid color t-shirt with slim-fit design.", "description_json": {"blocks": [{"key": "", "data": {}, "text": "A solid color t-shirt with slim-fit design.", "type": "unstyled", "depth": 0, "entityRanges": [], "inlineStyleRanges": []}], "entityMap": {}}, "category": 401, "currency": "PKR", "price_amount": "1000.00", "minimal_variant_price_amount": "1000.00", "url": " ", "updated_at": "2020-02-03 23:36:31.565849", "charge_taxes": true, "weight": "0.0 kg"}}, {"model": "product.product", "pk": 5057, "fields": {"publication_date": null, "is_published": true, "private_meta": {}, "meta": {"taxes": {"vatlayer": {"code": "standard", "description": ""}}}, "seo_title": "", "seo_description": "Taken from our partner store: Kaavish", "product_type": 200, "name": "Blackish-Blue Hoodie", "description": "Enjoy the comfort of this warm and toasty hoodie. You are going to love it!!! A cotton-poly blend with a 100% cotton face. It has set sleeves and double needle-stitched armholes and bottom-band for durability.", "description_json": {"blocks": [{"key": "", "data": {}, "text": "Enjoy the comfort of this warm and toasty hoodie. You are going to love it!!! A cotton-poly blend with a 100% cotton face. It has set sleeves and double needle-stitched armholes and bottom-band for durability.", "type": "unstyled", "depth": 0, "entityRanges": [], "inlineStyleRanges": []}], "entityMap": {}}, "category": 401, "currency": "PKR", "price_amount": "3150.00", "minimal_variant_price_amount": "3150.00", "url": " ", "updated_at": "2020-02-03 23:36:31.565849", "charge_taxes": true, "weight": "0.0 kg"}}, {"model": "product.product", "pk": 5058, "fields": {"publication_date": null, "is_published": true, "private_meta": {}, "meta": {"taxes": {"vatlayer": {"code": "standard", "description": ""}}}, "seo_title": "", "seo_description": "Taken from our partner store: Kaavish", "product_type": 204, "name": "Light-yellow Full-Sleeved Button-down Shirt", "description": "A solid colored button-down shirt with slim-fit design and perfect summer must-have outfit.", "description_json": {"blocks": [{"key": "", "data": {}, "text": "A solid colored button-down shirt with slim-fit design and perfect summer must-have outfit.", "type": "unstyled", "depth": 0, "entityRanges": [], "inlineStyleRanges": []}], "entityMap": {}}, "category": 401, "currency": "PKR", "price_amount": "1100.00", "minimal_variant_price_amount": "1100.00", "url": " ", "updated_at": "2020-02-03 23:36:31.565849", "charge_taxes": true, "weight": "0.0 kg"}}, {"model": "product.product", "pk": 5059, "fields": {"publication_date": null, "is_published": true, "private_meta": {}, "meta": {"taxes": {"vatlayer": {"code": "standard", "description": ""}}}, "seo_title": "", "seo_description": "Taken from our partner store: Kaavish", "product_type": 200, "name": "Blue Slim-fit Jeans", "description": "A smart pair of slim-fit with detailing on knees and below pockets, complete with a traditional 5-pocket design.", "description_json": {"blocks": [{"key": "", "data": {}, "text": "A smart pair of slim-fit with detailing on knees and below pockets, complete with a traditional 5-pocket design.", "type": "unstyled", "depth": 0, "entityRanges": [], "inlineStyleRanges": []}], "entityMap": {}}, "category": 400, "currency": "PKR", "price_amount": "1100.00", "minimal_variant_price_amount": "1100.00", "url": " ", "updated_at": "2020-02-03 23:36:31.565849", "charge_taxes": true, "weight": "0.0 kg"}}, {"model": "product.product", "pk": 5060, "fields": {"publication_date": null, "is_published": true, "private_meta": {}, "meta": {"taxes": {"vatlayer": {"code": "standard", "description": ""}}}, "seo_title": "", "seo_description": "Taken from our partner store: Kaavish", "product_type": 201, "name": "Black Zipper", "description": "Enjoy the comfort of this warm and toasty hoodie. You are going to love it!!! A cotton-poly blend with a 100% cotton face. It has set sleeves and double needle-stitched armholes and bottom-band for durability.", "description_json": {"blocks": [{"key": "", "data": {}, "text": "Enjoy the comfort of this warm and toasty hoodie. You are going to love it!!! A cotton-poly blend with a 100% cotton face. It has set sleeves and double needle-stitched armholes and bottom-band for durability.", "type": "unstyled", "depth": 0, "entityRanges": [], "inlineStyleRanges": []}], "entityMap": {}}, "category": 401, "currency": "PKR", "price_amount": "850.00", "minimal_variant_price_amount": "850.00", "url": " ", "updated_at": "2020-02-03 23:36:31.565849", "charge_taxes": true, "weight": "0.0 kg"}}, {"model": "product.product", "pk": 5061, "fields": {"publication_date": null, "is_published": true, "private_meta": {}, "meta": {"taxes": {"vatlayer": {"code": "standard", "description": ""}}}, "seo_title": "", "seo_description": "Taken from our partner store: Kaavish", "product_type": 200, "name": "Black Half-Sleeved T-Shirt", "description": "A solid color t-shirt with slim-fit design.", "description_json": {"blocks": [{"key": "", "data": {}, "text": "A solid color t-shirt with slim-fit design.", "type": "unstyled", "depth": 0, "entityRanges": [], "inlineStyleRanges": []}], "entityMap": {}}, "category": 401, "currency": "PKR", "price_amount": "600.00", "minimal_variant_price_amount": "600.00", "url": " ", "updated_at": "2020-02-03 23:36:31.565849", "charge_taxes": true, "weight": "0.0 kg"}}, {"model": "product.product", "pk": 5062, "fields": {"publication_date": null, "is_published": true, "private_meta": {}, "meta": {"taxes": {"vatlayer": {"code": "standard", "description": ""}}}, "seo_title": "", "seo_description": "Taken from our partner store: Kaavish", "product_type": 201, "name": "Blue Zipper", "description": "Enjoy the comfort of this warm and toasty hoodie. You are going to love it!!! A cotton-poly blend with a 100% cotton face. It has set sleeves and double needle-stitched armholes and bottom-band for durability.", "description_json": {"blocks": [{"key": "", "data": {}, "text": "Enjoy the comfort of this warm and toasty hoodie. You are going to love it!!! A cotton-poly blend with a 100% cotton face. It has set sleeves and double needle-stitched armholes and bottom-band for durability.", "type": "unstyled", "depth": 0, "entityRanges": [], "inlineStyleRanges": []}], "entityMap": {}}, "category": 401, "currency": "PKR", "price_amount": "750.00", "minimal_variant_price_amount": "750.00", "url": " ", "updated_at": "2020-02-03 23:36:31.565849", "charge_taxes": true, "weight": "0.0 kg"}}, {"model": "product.product", "pk": 5063, "fields": {"publication_date": null, "is_published": true, "private_meta": {}, "meta": {"taxes": {"vatlayer": {"code": "standard", "description": ""}}}, "seo_title": "", "seo_description": "Taken from our partner store: Kaavish", "product_type": 200, "name": "Beige Slim-fit Jeans", "description": "A smart pair of slim-fit with detailing on knees and below pockets, complete with a traditional 5-pocket design.", "description_json": {"blocks": [{"key": "", "data": {}, "text": "A smart pair of slim-fit with detailing on knees and below pockets, complete with a traditional 5-pocket design.", "type": "unstyled", "depth": 0, "entityRanges": [], "inlineStyleRanges": []}], "entityMap": {}}, "category": 400, "currency": "PKR", "price_amount": "1300.00", "minimal_variant_price_amount": "1300.00", "url": " ", "updated_at": "2020-02-03 23:36:31.565849", "charge_taxes": true, "weight": "0.0 kg"}}, {"model": "product.product", "pk": 5064, "fields": {"publication_date": null, "is_published": true, "private_meta": {}, "meta": {"taxes": {"vatlayer": {"code": "standard", "description": ""}}}, "seo_title": "", "seo_description": "Taken from our partner store: Kaavish", "product_type": 204, "name": "Light-blue Full-Sleeved Button-down Shirt", "description": "A solid colored button-down shirt with slim-fit design and perfect summer must-have outfit.", "description_json": {"blocks": [{"key": "", "data": {}, "text": "A solid colored button-down shirt with slim-fit design and perfect summer must-have outfit.", "type": "unstyled", "depth": 0, "entityRanges": [], "inlineStyleRanges": []}], "entityMap": {}}, "category": 401, "currency": "PKR", "price_amount": "900.00", "minimal_variant_price_amount": "900.00", "url": " ", "updated_at": "2020-02-03 23:36:31.565849", "charge_taxes": true, "weight": "0.0 kg"}}, {"model": "product.product", "pk": 5065, "fields": {"publication_date": null, "is_published": true, "private_meta": {}, "meta": {"taxes": {"vatlayer": {"code": "standard", "description": ""}}}, "seo_title": "", "seo_description": "Taken from our partner store: Kaavish", "product_type": 201, "name": "Grey Hoodie", "description": "Enjoy the comfort of this warm and toasty hoodie. You are going to love it!!! A cotton-poly blend with a 100% cotton face. It has set sleeves and double needle-stitched armholes and bottom-band for durability.", "description_json": {"blocks": [{"key": "", "data": {}, "text": "Enjoy the comfort of this warm and toasty hoodie. You are going to love it!!! A cotton-poly blend with a 100% cotton face. It has set sleeves and double needle-stitched armholes and bottom-band for durability.", "type": "unstyled", "depth": 0, "entityRanges": [], "inlineStyleRanges": []}], "entityMap": {}}, "category": 401, "currency": "PKR", "price_amount": "750.00", "minimal_variant_price_amount": "750.00", "url": " ", "updated_at": "2020-02-03 23:36:31.565849", "charge_taxes": true, "weight": "0.0 kg"}}, {"model": "product.product", "pk": 5066, "fields": {"publication_date": null, "is_published": true, "private_meta": {}, "meta": {"taxes": {"vatlayer": {"code": "standard", "description": ""}}}, "seo_title": "", "seo_description": "Taken from our partner store: Kaavish", "product_type": 200, "name": "Multi-colored Full-Sleeved T-Shirt", "description": "A solid color t-shirt with slim-fit design.", "description_json": {"blocks": [{"key": "", "data": {}, "text": "A solid color t-shirt with slim-fit design.", "type": "unstyled", "depth": 0, "entityRanges": [], "inlineStyleRanges": []}], "entityMap": {}}, "category": 401, "currency": "PKR", "price_amount": "900.00", "minimal_variant_price_amount": "900.00", "url": " ", "updated_at": "2020-02-03 23:36:31.565849", "charge_taxes": true, "weight": "0.0 kg"}}, {"model": "product.product", "pk": 5067, "fields": {"publication_date": null, "is_published": true, "private_meta": {}, "meta": {"taxes": {"vatlayer": {"code": "standard", "description": ""}}}, "seo_title": "", "seo_description": "Taken from our partner store: Kaavish", "product_type": 201, "name": "Bluish-grey Pullover", "description": "Enjoy the comfort of this warm and toasty pullover. You are going to love it!!! A cotton-poly blend with a 100% cotton face. It has set sleeves and double needle-stitched armholes and bottom-band for durability.", "description_json": {"blocks": [{"key": "", "data": {}, "text": "Enjoy the comfort of this warm and toasty pullover. You are going to love it!!! A cotton-poly blend with a 100% cotton face. It has set sleeves and double needle-stitched armholes and bottom-band for durability.", "type": "unstyled", "depth": 0, "entityRanges": [], "inlineStyleRanges": []}], "entityMap": {}}, "category": 401, "currency": "PKR", "price_amount": "1150.00", "minimal_variant_price_amount": "1150.00", "url": " ", "updated_at": "2020-02-03 23:36:31.565849", "charge_taxes": true, "weight": "0.0 kg"}}, {"model": "product.product", "pk": 5068, "fields": {"publication_date": null, "is_published": true, "private_meta": {}, "meta": {"taxes": {"vatlayer": {"code": "standard", "description": ""}}}, "seo_title": "", "seo_description": "Taken from our partner store: Kaavish", "product_type": 201, "name": "Maroon and Blue Sweater", "description": "Enjoy the comfort of this warm and toasty pullover. You are going to love it!!! A cotton-poly blend with a 100% cotton face. It has set sleeves and double needle-stitched armholes and bottom-band for durability.", "description_json": {"blocks": [{"key": "", "data": {}, "text": "Enjoy the comfort of this warm and toasty pullover. You are going to love it!!! A cotton-poly blend with a 100% cotton face. It has set sleeves and double needle-stitched armholes and bottom-band for durability.", "type": "unstyled", "depth": 0, "entityRanges": [], "inlineStyleRanges": []}], "entityMap": {}}, "category": 401, "currency": "PKR", "price_amount": "3250.00", "minimal_variant_price_amount": "3250.00", "url": " ", "updated_at": "2020-02-03 23:36:31.565849", "charge_taxes": true, "weight": "0.0 kg"}}, {"model": "product.product", "pk": 5069, "fields": {"publication_date": null, "is_published": true, "private_meta": {}, "meta": {"taxes": {"vatlayer": {"code": "standard", "description": ""}}}, "seo_title": "", "seo_description": "Taken from our partner store: Kaavish", "product_type": 201, "name": "Light Brown Leather Jacket", "description": "Enjoy the comfort of this warm and toasty leather jacket. You are going to love it!!! A cotton-poly blend with a 100% cotton face. It has set sleeves and double needle-stitched armholes and bottom-band for durability.", "description_json": {"blocks": [{"key": "", "data": {}, "text": "Enjoy the comfort of this warm and toasty leather jacket. You are going to love it!!! A cotton-poly blend with a 100% cotton face. It has set sleeves and double needle-stitched armholes and bottom-band for durability.", "type": "unstyled", "depth": 0, "entityRanges": [], "inlineStyleRanges": []}], "entityMap": {}}, "category": 401, "currency": "PKR", "price_amount": "3050.00", "minimal_variant_price_amount": "3050.00", "url": " ", "updated_at": "2020-02-03 23:36:31.565849", "charge_taxes": true, "weight": "0.0 kg"}}, {"model": "product.product", "pk": 5070, "fields": {"publication_date": null, "is_published": true, "private_meta": {}, "meta": {"taxes": {"vatlayer": {"code": "standard", "description": ""}}}, "seo_title": "", "seo_description": "Taken from our partner store: Kaavish", "product_type": 200, "name": "Dark-grey Full-Sleeved T-Shirt", "description": "A solid color t-shirt with slim-fit design.", "description_json": {"blocks": [{"key": "", "data": {}, "text": "A solid color t-shirt with slim-fit design.", "type": "unstyled", "depth": 0, "entityRanges": [], "inlineStyleRanges": []}], "entityMap": {}}, "category": 401, "currency": "PKR", "price_amount": "700.00", "minimal_variant_price_amount": "700.00", "url": " ", "updated_at": "2020-02-03 23:36:31.565849", "charge_taxes": true, "weight": "0.0 kg"}}, {"model": "product.product", "pk": 5071, "fields": {"publication_date": null, "is_published": true, "private_meta": {}, "meta": {"taxes": {"vatlayer": {"code": "standard", "description": ""}}}, "seo_title": "", "seo_description": "Taken from our partner store: Kaavish", "product_type": 201, "name": "Dark-Blue Pullover", "description": "Enjoy the comfort of this warm and toasty pullover. You are going to love it!!! A cotton-poly blend with a 100% cotton face. It has set sleeves and double needle-stitched armholes and bottom-band for durability.", "description_json": {"blocks": [{"key": "", "data": {}, "text": "Enjoy the comfort of this warm and toasty pullover. You are going to love it!!! A cotton-poly blend with a 100% cotton face. It has set sleeves and double needle-stitched armholes and bottom-band for durability.", "type": "unstyled", "depth": 0, "entityRanges": [], "inlineStyleRanges": []}], "entityMap": {}}, "category": 401, "currency": "PKR", "price_amount": "950.00", "minimal_variant_price_amount": "950.00", "url": " ", "updated_at": "2020-02-03 23:36:31.565849", "charge_taxes": true, "weight": "0.0 kg"}}, {"model": "product.product", "pk": 5072, "fields": {"publication_date": null, "is_published": true, "private_meta": {}, "meta": {"taxes": {"vatlayer": {"code": "standard", "description": ""}}}, "seo_title": "", "seo_description": "Taken from our partner store: Kaavish", "product_type": 200, "name": "Blue and White Stripped Long-Sleeved T-Shirt", "description": "A solid color t-shirt with slim-fit design.", "description_json": {"blocks": [{"key": "", "data": {}, "text": "A solid color t-shirt with slim-fit design.", "type": "unstyled", "depth": 0, "entityRanges": [], "inlineStyleRanges": []}], "entityMap": {}}, "category": 401, "currency": "PKR", "price_amount": "1130.00", "minimal_variant_price_amount": "1130.00", "url": " ", "updated_at": "2020-02-03 23:36:31.565849", "charge_taxes": true, "weight": "0.0 kg"}}, {"model": "product.product", "pk": 5073, "fields": {"publication_date": null, "is_published": true, "private_meta": {}, "meta": {"taxes": {"vatlayer": {"code": "standard", "description": ""}}}, "seo_title": "", "seo_description": "Taken from our partner store: Kaavish", "product_type": 201, "name": "Black Leather Jacket", "description": "Enjoy the comfort of this warm and toasty leather jacket. You are going to love it!!! A cotton-poly blend with a 100% cotton face. It has set sleeves and double needle-stitched armholes and bottom-band for durability.", "description_json": {"blocks": [{"key": "", "data": {}, "text": "Enjoy the comfort of this warm and toasty leather jacket. You are going to love it!!! A cotton-poly blend with a 100% cotton face. It has set sleeves and double needle-stitched armholes and bottom-band for durability.", "type": "unstyled", "depth": 0, "entityRanges": [], "inlineStyleRanges": []}], "entityMap": {}}, "category": 401, "currency": "PKR", "price_amount": "2550.00", "minimal_variant_price_amount": "2550.00", "url": " ", "updated_at": "2020-02-03 23:36:31.565849", "charge_taxes": true, "weight": "0.0 kg"}}, {"model": "product.product", "pk": 5074, "fields": {"publication_date": null, "is_published": true, "private_meta": {}, "meta": {"taxes": {"vatlayer": {"code": "standard", "description": ""}}}, "seo_title": "", "seo_description": "Taken from our partner store: Kaavish", "product_type": 204, "name": "White Full-Sleeved Button-down Shirt", "description": "A solid colored button-down shirt with slim-fit design and perfect summer must-have outfit.", "description_json": {"blocks": [{"key": "", "data": {}, "text": "A solid colored button-down shirt with slim-fit design and perfect summer must-have outfit.", "type": "unstyled", "depth": 0, "entityRanges": [], "inlineStyleRanges": []}], "entityMap": {}}, "category": 401, "currency": "PKR", "price_amount": "1100.00", "minimal_variant_price_amount": "1100.00", "url": " ", "updated_at": "2020-02-03 23:36:31.565849", "charge_taxes": true, "weight": "0.0 kg"}}, {"model": "product.productvariant", "pk": 700, "fields": {"private_meta": {}, "meta": {}, "sku": "9252", "name": "M", "currency": "PKR", "price_override_amount": "800.00", "product": 5000, "track_inventory": true, "quantity": 100, "quantity_allocated": 0, "cost_price_amount": "800.00", "weight": "1.0 kg"}}, {"model": "product.productvariant", "pk": 701, "fields": {"private_meta": {}, "meta": {}, "sku": "9253", "name": "M", "currency": "PKR", "price_override_amount": "800.00", "product": 5001, "track_inventory": true, "quantity": 100, "quantity_allocated": 0, "cost_price_amount": "800.00", "weight": "1.0 kg"}}, {"model": "product.productvariant", "pk": 702, "fields": {"private_meta": {}, "meta": {}, "sku": "9254", "name": "M", "currency": "PKR", "price_override_amount": "1000.00", "product": 5002, "track_inventory": true, "quantity": 100, "quantity_allocated": 0, "cost_price_amount": "1000.00", "weight": "1.0 kg"}}, {"model": "product.productvariant", "pk": 703, "fields": {"private_meta": {}, "meta": {}, "sku": "9255", "name": "M", "currency": "PKR", "price_override_amount": "1200.00", "product": 5003, "track_inventory": true, "quantity": 100, "quantity_allocated": 0, "cost_price_amount": "1200.00", "weight": "1.0 kg"}}, {"model": "product.productvariant", "pk": 704, "fields": {"private_meta": {}, "meta": {}, "sku": "9256", "name": "M", "currency": "PKR", "price_override_amount": "600.00", "product": 5004, "track_inventory": true, "quantity": 100, "quantity_allocated": 0, "cost_price_amount": "600.00", "weight": "1.0 kg"}}, {"model": "product.productvariant", "pk": 705, "fields": {"private_meta": {}, "meta": {}, "sku": "9257", "name": "M", "currency": "PKR", "price_override_amount": "800.00", "product": 5005, "track_inventory": true, "quantity": 100, "quantity_allocated": 0, "cost_price_amount": "800.00", "weight": "1.0 kg"}}, {"model": "product.productvariant", "pk": 706, "fields": {"private_meta": {}, "meta": {}, "sku": "9258", "name": "M", "currency": "PKR", "price_override_amount": "800.00", "product": 5006, "track_inventory": true, "quantity": 100, "quantity_allocated": 0, "cost_price_amount": "800.00", "weight": "1.0 kg"}}, {"model": "product.productvariant", "pk": 707, "fields": {"private_meta": {}, "meta": {}, "sku": "9259", "name": "M", "currency": "PKR", "price_override_amount": "600.00", "product": 5007, "track_inventory": true, "quantity": 100, "quantity_allocated": 0, "cost_price_amount": "600.00", "weight": "1.0 kg"}}, {"model": "product.productvariant", "pk": 708, "fields": {"private_meta": {}, "meta": {}, "sku": "9260", "name": "M", "currency": "PKR", "price_override_amount": "1600.00", "product": 5008, "track_inventory": true, "quantity": 100, "quantity_allocated": 0, "cost_price_amount": "1600.00", "weight": "1.0 kg"}}, {"model": "product.productvariant", "pk": 709, "fields": {"private_meta": {}, "meta": {}, "sku": "9261", "name": "M", "currency": "PKR", "price_override_amount": "600.00", "product": 5009, "track_inventory": true, "quantity": 100, "quantity_allocated": 0, "cost_price_amount": "600.00", "weight": "1.0 kg"}}, {"model": "product.productvariant", "pk": 710, "fields": {"private_meta": {}, "meta": {}, "sku": "9262", "name": "M", "currency": "PKR", "price_override_amount": "1300.00", "product": 5010, "track_inventory": true, "quantity": 100, "quantity_allocated": 0, "cost_price_amount": "1300.00", "weight": "1.0 kg"}}, {"model": "product.productvariant", "pk": 711, "fields": {"private_meta": {}, "meta": {}, "sku": "9263", "name": "M", "currency": "PKR", "price_override_amount": "600.00", "product": 5011, "track_inventory": true, "quantity": 100, "quantity_allocated": 0, "cost_price_amount": "600.00", "weight": "1.0 kg"}}, {"model": "product.productvariant", "pk": 712, "fields": {"private_meta": {}, "meta": {}, "sku": "9264", "name": "M", "currency": "PKR", "price_override_amount": "1600.00", "product": 5012, "track_inventory": true, "quantity": 100, "quantity_allocated": 0, "cost_price_amount": "1600.00", "weight": "1.0 kg"}}, {"model": "product.productvariant", "pk": 713, "fields": {"private_meta": {}, "meta": {}, "sku": "9265", "name": "M", "currency": "PKR", "price_override_amount": "200.00", "product": 5013, "track_inventory": true, "quantity": 100, "quantity_allocated": 0, "cost_price_amount": "200.00", "weight": "1.0 kg"}}, {"model": "product.productvariant", "pk": 714, "fields": {"private_meta": {}, "meta": {}, "sku": "9266", "name": "M", "currency": "PKR", "price_override_amount": "800.00", "product": 5014, "track_inventory": true, "quantity": 100, "quantity_allocated": 0, "cost_price_amount": "800.00", "weight": "1.0 kg"}}, {"model": "product.productvariant", "pk": 715, "fields": {"private_meta": {}, "meta": {}, "sku": "9267", "name": "M", "currency": "PKR", "price_override_amount": "700.00", "product": 5015, "track_inventory": true, "quantity": 100, "quantity_allocated": 0, "cost_price_amount": "700.00", "weight": "1.0 kg"}}, {"model": "product.productvariant", "pk": 716, "fields": {"private_meta": {}, "meta": {}, "sku": "9268", "name": "M", "currency": "PKR", "price_override_amount": "900.00", "product": 5016, "track_inventory": true, "quantity": 100, "quantity_allocated": 0, "cost_price_amount": "900.00", "weight": "1.0 kg"}}, {"model": "product.productvariant", "pk": 717, "fields": {"private_meta": {}, "meta": {}, "sku": "9269", "name": "M", "currency": "PKR", "price_override_amount": "1600.00", "product": 5017, "track_inventory": true, "quantity": 100, "quantity_allocated": 0, "cost_price_amount": "1600.00", "weight": "1.0 kg"}}, {"model": "product.productvariant", "pk": 718, "fields": {"private_meta": {}, "meta": {}, "sku": "9270", "name": "M", "currency": "PKR", "price_override_amount": "1000.00", "product": 5018, "track_inventory": true, "quantity": 100, "quantity_allocated": 0, "cost_price_amount": "1000.00", "weight": "1.0 kg"}}, {"model": "product.productvariant", "pk": 719, "fields": {"private_meta": {}, "meta": {}, "sku": "9271", "name": "M", "currency": "PKR", "price_override_amount": "1500.00", "product": 5019, "track_inventory": true, "quantity": 100, "quantity_allocated": 0, "cost_price_amount": "1500.00", "weight": "1.0 kg"}}, {"model": "product.productvariant", "pk": 720, "fields": {"private_meta": {}, "meta": {}, "sku": "9272", "name": "M", "currency": "PKR", "price_override_amount": "500.00", "product": 5020, "track_inventory": true, "quantity": 100, "quantity_allocated": 0, "cost_price_amount": "500.00", "weight": "1.0 kg"}}, {"model": "product.productvariant", "pk": 721, "fields": {"private_meta": {}, "meta": {}, "sku": "9273", "name": "M", "currency": "PKR", "price_override_amount": "1200.00", "product": 5021, "track_inventory": true, "quantity": 100, "quantity_allocated": 0, "cost_price_amount": "1200.00", "weight": "1.0 kg"}}, {"model": "product.productvariant", "pk": 722, "fields": {"private_meta": {}, "meta": {}, "sku": "9274", "name": "M", "currency": "PKR", "price_override_amount": "300.00", "product": 5022, "track_inventory": true, "quantity": 100, "quantity_allocated": 0, "cost_price_amount": "300.00", "weight": "1.0 kg"}}, {"model": "product.productvariant", "pk": 723, "fields": {"private_meta": {}, "meta": {}, "sku": "9275", "name": "M", "currency": "PKR", "price_override_amount": "900.00", "product": 5023, "track_inventory": true, "quantity": 100, "quantity_allocated": 0, "cost_price_amount": "900.00", "weight": "1.0 kg"}}, {"model": "product.productvariant", "pk": 724, "fields": {"private_meta": {}, "meta": {}, "sku": "9276", "name": "M", "currency": "PKR", "price_override_amount": "1200.00", "product": 5024, "track_inventory": true, "quantity": 100, "quantity_allocated": 0, "cost_price_amount": "1200.00", "weight": "1.0 kg"}}, {"model": "product.productvariant", "pk": 725, "fields": {"private_meta": {}, "meta": {}, "sku": "9277", "name": "M", "currency": "PKR", "price_override_amount": "900.00", "product": 5025, "track_inventory": true, "quantity": 100, "quantity_allocated": 0, "cost_price_amount": "900.00", "weight": "1.0 kg"}}, {"model": "product.productvariant", "pk": 726, "fields": {"private_meta": {}, "meta": {}, "sku": "9278", "name": "M", "currency": "PKR", "price_override_amount": "1560.00", "product": 5026, "track_inventory": true, "quantity": 100, "quantity_allocated": 0, "cost_price_amount": "1560.00", "weight": "1.0 kg"}}, {"model": "product.productvariant", "pk": 727, "fields": {"private_meta": {}, "meta": {}, "sku": "9279", "name": "M", "currency": "PKR", "price_override_amount": "600.00", "product": 5027, "track_inventory": true, "quantity": 100, "quantity_allocated": 0, "cost_price_amount": "600.00", "weight": "1.0 kg"}}, {"model": "product.productvariant", "pk": 728, "fields": {"private_meta": {}, "meta": {}, "sku": "9280", "name": "M", "currency": "PKR", "price_override_amount": "1000.00", "product": 5028, "track_inventory": true, "quantity": 100, "quantity_allocated": 0, "cost_price_amount": "1000.00", "weight": "1.0 kg"}}, {"model": "product.productvariant", "pk": 729, "fields": {"private_meta": {}, "meta": {}, "sku": "9281", "name": "M", "currency": "PKR", "price_override_amount": "1200.00", "product": 5029, "track_inventory": true, "quantity": 100, "quantity_allocated": 0, "cost_price_amount": "1200.00", "weight": "1.0 kg"}}, {"model": "product.productvariant", "pk": 730, "fields": {"private_meta": {}, "meta": {}, "sku": "9282", "name": "M", "currency": "PKR", "price_override_amount": "1360.00", "product": 5030, "track_inventory": true, "quantity": 100, "quantity_allocated": 0, "cost_price_amount": "1360.00", "weight": "1.0 kg"}}, {"model": "product.productvariant", "pk": 731, "fields": {"private_meta": {}, "meta": {}, "sku": "9283", "name": "M", "currency": "PKR", "price_override_amount": "700.00", "product": 5031, "track_inventory": true, "quantity": 100, "quantity_allocated": 0, "cost_price_amount": "700.00", "weight": "1.0 kg"}}, {"model": "product.productvariant", "pk": 732, "fields": {"private_meta": {}, "meta": {}, "sku": "9284", "name": "M", "currency": "PKR", "price_override_amount": "900.00", "product": 5032, "track_inventory": true, "quantity": 100, "quantity_allocated": 0, "cost_price_amount": "900.00", "weight": "1.0 kg"}}, {"model": "product.productvariant", "pk": 733, "fields": {"private_meta": {}, "meta": {}, "sku": "9285", "name": "M", "currency": "PKR", "price_override_amount": "900.00", "product": 5033, "track_inventory": true, "quantity": 100, "quantity_allocated": 0, "cost_price_amount": "900.00", "weight": "1.0 kg"}}, {"model": "product.productvariant", "pk": 734, "fields": {"private_meta": {}, "meta": {}, "sku": "9286", "name": "M", "currency": "PKR", "price_override_amount": "1100.00", "product": 5034, "track_inventory": true, "quantity": 100, "quantity_allocated": 0, "cost_price_amount": "1100.00", "weight": "1.0 kg"}}, {"model": "product.productvariant", "pk": 735, "fields": {"private_meta": {}, "meta": {}, "sku": "9287", "name": "M", "currency": "PKR", "price_override_amount": "800.00", "product": 5035, "track_inventory": true, "quantity": 100, "quantity_allocated": 0, "cost_price_amount": "800.00", "weight": "1.0 kg"}}, {"model": "product.productvariant", "pk": 736, "fields": {"private_meta": {}, "meta": {}, "sku": "9288", "name": "M", "currency": "PKR", "price_override_amount": "900.00", "product": 5036, "track_inventory": true, "quantity": 100, "quantity_allocated": 0, "cost_price_amount": "900.00", "weight": "1.0 kg"}}, {"model": "product.productvariant", "pk": 737, "fields": {"private_meta": {}, "meta": {}, "sku": "9289", "name": "M", "currency": "PKR", "price_override_amount": "2100.00", "product": 5037, "track_inventory": true, "quantity": 100, "quantity_allocated": 0, "cost_price_amount": "2100.00", "weight": "1.0 kg"}}, {"model": "product.productvariant", "pk": 738, "fields": {"private_meta": {}, "meta": {}, "sku": "9290", "name": "M", "currency": "PKR", "price_override_amount": "600.00", "product": 5038, "track_inventory": true, "quantity": 100, "quantity_allocated": 0, "cost_price_amount": "600.00", "weight": "1.0 kg"}}, {"model": "product.productvariant", "pk": 739, "fields": {"private_meta": {}, "meta": {}, "sku": "9291", "name": "M", "currency": "PKR", "price_override_amount": "400.00", "product": 5039, "track_inventory": true, "quantity": 100, "quantity_allocated": 0, "cost_price_amount": "400.00", "weight": "1.0 kg"}}, {"model": "product.productvariant", "pk": 740, "fields": {"private_meta": {}, "meta": {}, "sku": "9292", "name": "M", "currency": "PKR", "price_override_amount": "970.00", "product": 5040, "track_inventory": true, "quantity": 100, "quantity_allocated": 0, "cost_price_amount": "970.00", "weight": "1.0 kg"}}, {"model": "product.productvariant", "pk": 741, "fields": {"private_meta": {}, "meta": {}, "sku": "9293", "name": "M", "currency": "PKR", "price_override_amount": "1300.00", "product": 5041, "track_inventory": true, "quantity": 100, "quantity_allocated": 0, "cost_price_amount": "1300.00", "weight": "1.0 kg"}}, {"model": "product.productvariant", "pk": 742, "fields": {"private_meta": {}, "meta": {}, "sku": "9294", "name": "M", "currency": "PKR", "price_override_amount": "1100.00", "product": 5042, "track_inventory": true, "quantity": 100, "quantity_allocated": 0, "cost_price_amount": "1100.00", "weight": "1.0 kg"}}, {"model": "product.productvariant", "pk": 743, "fields": {"private_meta": {}, "meta": {}, "sku": "9295", "name": "M", "currency": "PKR", "price_override_amount": "600.00", "product": 5043, "track_inventory": true, "quantity": 100, "quantity_allocated": 0, "cost_price_amount": "600.00", "weight": "1.0 kg"}}, {"model": "product.productvariant", "pk": 744, "fields": {"private_meta": {}, "meta": {}, "sku": "9296", "name": "M", "currency": "PKR", "price_override_amount": "800.00", "product": 5044, "track_inventory": true, "quantity": 100, "quantity_allocated": 0, "cost_price_amount": "800.00", "weight": "1.0 kg"}}, {"model": "product.productvariant", "pk": 745, "fields": {"private_meta": {}, "meta": {}, "sku": "9297", "name": "M", "currency": "PKR", "price_override_amount": "1100.00", "product": 5045, "track_inventory": true, "quantity": 100, "quantity_allocated": 0, "cost_price_amount": "1100.00", "weight": "1.0 kg"}}, {"model": "product.productvariant", "pk": 746, "fields": {"private_meta": {}, "meta": {}, "sku": "9298", "name": "M", "currency": "PKR", "price_override_amount": "1550.00", "product": 5046, "track_inventory": true, "quantity": 100, "quantity_allocated": 0, "cost_price_amount": "1550.00", "weight": "1.0 kg"}}, {"model": "product.productvariant", "pk": 747, "fields": {"private_meta": {}, "meta": {}, "sku": "9299", "name": "M", "currency": "PKR", "price_override_amount": "1150.00", "product": 5047, "track_inventory": true, "quantity": 100, "quantity_allocated": 0, "cost_price_amount": "1150.00", "weight": "1.0 kg"}}, {"model": "product.productvariant", "pk": 748, "fields": {"private_meta": {}, "meta": {}, "sku": "9300", "name": "M", "currency": "PKR", "price_override_amount": "2150.00", "product": 5048, "track_inventory": true, "quantity": 100, "quantity_allocated": 0, "cost_price_amount": "2150.00", "weight": "1.0 kg"}}, {"model": "product.productvariant", "pk": 749, "fields": {"private_meta": {}, "meta": {}, "sku": "9301", "name": "M", "currency": "PKR", "price_override_amount": "500.00", "product": 5049, "track_inventory": true, "quantity": 100, "quantity_allocated": 0, "cost_price_amount": "500.00", "weight": "1.0 kg"}}, {"model": "product.productvariant", "pk": 750, "fields": {"private_meta": {}, "meta": {}, "sku": "9302", "name": "M", "currency": "PKR", "price_override_amount": "2150.00", "product": 5050, "track_inventory": true, "quantity": 100, "quantity_allocated": 0, "cost_price_amount": "2150.00", "weight": "1.0 kg"}}, {"model": "product.productvariant", "pk": 751, "fields": {"private_meta": {}, "meta": {}, "sku": "9303", "name": "M", "currency": "PKR", "price_override_amount": "400.00", "product": 5051, "track_inventory": true, "quantity": 100, "quantity_allocated": 0, "cost_price_amount": "400.00", "weight": "1.0 kg"}}, {"model": "product.productvariant", "pk": 752, "fields": {"private_meta": {}, "meta": {}, "sku": "9304", "name": "M", "currency": "PKR", "price_override_amount": "700.00", "product": 5052, "track_inventory": true, "quantity": 100, "quantity_allocated": 0, "cost_price_amount": "700.00", "weight": "1.0 kg"}}, {"model": "product.productvariant", "pk": 753, "fields": {"private_meta": {}, "meta": {}, "sku": "9305", "name": "M", "currency": "PKR", "price_override_amount": "1500.00", "product": 5053, "track_inventory": true, "quantity": 100, "quantity_allocated": 0, "cost_price_amount": "1500.00", "weight": "1.0 kg"}}, {"model": "product.productvariant", "pk": 754, "fields": {"private_meta": {}, "meta": {}, "sku": "9306", "name": "M", "currency": "PKR", "price_override_amount": "600.00", "product": 5054, "track_inventory": true, "quantity": 100, "quantity_allocated": 0, "cost_price_amount": "600.00", "weight": "1.0 kg"}}, {"model": "product.productvariant", "pk": 755, "fields": {"private_meta": {}, "meta": {}, "sku": "9307", "name": "M", "currency": "PKR", "price_override_amount": "900.00", "product": 5055, "track_inventory": true, "quantity": 100, "quantity_allocated": 0, "cost_price_amount": "900.00", "weight": "1.0 kg"}}, {"model": "product.productvariant", "pk": 756, "fields": {"private_meta": {}, "meta": {}, "sku": "9308", "name": "M", "currency": "PKR", "price_override_amount": "1000.00", "product": 5056, "track_inventory": true, "quantity": 100, "quantity_allocated": 0, "cost_price_amount": "1000.00", "weight": "1.0 kg"}}, {"model": "product.productvariant", "pk": 757, "fields": {"private_meta": {}, "meta": {}, "sku": "9309", "name": "M", "currency": "PKR", "price_override_amount": "3150.00", "product": 5057, "track_inventory": true, "quantity": 100, "quantity_allocated": 0, "cost_price_amount": "3150.00", "weight": "1.0 kg"}}, {"model": "product.productvariant", "pk": 758, "fields": {"private_meta": {}, "meta": {}, "sku": "9310", "name": "M", "currency": "PKR", "price_override_amount": "1100.00", "product": 5058, "track_inventory": true, "quantity": 100, "quantity_allocated": 0, "cost_price_amount": "1100.00", "weight": "1.0 kg"}}, {"model": "product.productvariant", "pk": 759, "fields": {"private_meta": {}, "meta": {}, "sku": "9311", "name": "M", "currency": "PKR", "price_override_amount": "1100.00", "product": 5059, "track_inventory": true, "quantity": 100, "quantity_allocated": 0, "cost_price_amount": "1100.00", "weight": "1.0 kg"}}, {"model": "product.productvariant", "pk": 760, "fields": {"private_meta": {}, "meta": {}, "sku": "9312", "name": "M", "currency": "PKR", "price_override_amount": "850.00", "product": 5060, "track_inventory": true, "quantity": 100, "quantity_allocated": 0, "cost_price_amount": "850.00", "weight": "1.0 kg"}}, {"model": "product.productvariant", "pk": 761, "fields": {"private_meta": {}, "meta": {}, "sku": "9313", "name": "M", "currency": "PKR", "price_override_amount": "600.00", "product": 5061, "track_inventory": true, "quantity": 100, "quantity_allocated": 0, "cost_price_amount": "600.00", "weight": "1.0 kg"}}, {"model": "product.productvariant", "pk": 762, "fields": {"private_meta": {}, "meta": {}, "sku": "9314", "name": "M", "currency": "PKR", "price_override_amount": "750.00", "product": 5062, "track_inventory": true, "quantity": 100, "quantity_allocated": 0, "cost_price_amount": "750.00", "weight": "1.0 kg"}}, {"model": "product.productvariant", "pk": 763, "fields": {"private_meta": {}, "meta": {}, "sku": "9315", "name": "M", "currency": "PKR", "price_override_amount": "1300.00", "product": 5063, "track_inventory": true, "quantity": 100, "quantity_allocated": 0, "cost_price_amount": "1300.00", "weight": "1.0 kg"}}, {"model": "product.productvariant", "pk": 764, "fields": {"private_meta": {}, "meta": {}, "sku": "9316", "name": "M", "currency": "PKR", "price_override_amount": "900.00", "product": 5064, "track_inventory": true, "quantity": 100, "quantity_allocated": 0, "cost_price_amount": "900.00", "weight": "1.0 kg"}}, {"model": "product.productvariant", "pk": 765, "fields": {"private_meta": {}, "meta": {}, "sku": "9317", "name": "M", "currency": "PKR", "price_override_amount": "750.00", "product": 5065, "track_inventory": true, "quantity": 100, "quantity_allocated": 0, "cost_price_amount": "750.00", "weight": "1.0 kg"}}, {"model": "product.productvariant", "pk": 766, "fields": {"private_meta": {}, "meta": {}, "sku": "9318", "name": "M", "currency": "PKR", "price_override_amount": "900.00", "product": 5066, "track_inventory": true, "quantity": 100, "quantity_allocated": 0, "cost_price_amount": "900.00", "weight": "1.0 kg"}}, {"model": "product.productvariant", "pk": 767, "fields": {"private_meta": {}, "meta": {}, "sku": "9319", "name": "M", "currency": "PKR", "price_override_amount": "1150.00", "product": 5067, "track_inventory": true, "quantity": 100, "quantity_allocated": 0, "cost_price_amount": "1150.00", "weight": "1.0 kg"}}, {"model": "product.productvariant", "pk": 768, "fields": {"private_meta": {}, "meta": {}, "sku": "9320", "name": "M", "currency": "PKR", "price_override_amount": "3250.00", "product": 5068, "track_inventory": true, "quantity": 100, "quantity_allocated": 0, "cost_price_amount": "3250.00", "weight": "1.0 kg"}}, {"model": "product.productvariant", "pk": 769, "fields": {"private_meta": {}, "meta": {}, "sku": "9321", "name": "M", "currency": "PKR", "price_override_amount": "3050.00", "product": 5069, "track_inventory": true, "quantity": 100, "quantity_allocated": 0, "cost_price_amount": "3050.00", "weight": "1.0 kg"}}, {"model": "product.productvariant", "pk": 770, "fields": {"private_meta": {}, "meta": {}, "sku": "9322", "name": "M", "currency": "PKR", "price_override_amount": "700.00", "product": 5070, "track_inventory": true, "quantity": 100, "quantity_allocated": 0, "cost_price_amount": "700.00", "weight": "1.0 kg"}}, {"model": "product.productvariant", "pk": 771, "fields": {"private_meta": {}, "meta": {}, "sku": "9323", "name": "M", "currency": "PKR", "price_override_amount": "950.00", "product": 5071, "track_inventory": true, "quantity": 100, "quantity_allocated": 0, "cost_price_amount": "950.00", "weight": "1.0 kg"}}, {"model": "product.productvariant", "pk": 772, "fields": {"private_meta": {}, "meta": {}, "sku": "9324", "name": "M", "currency": "PKR", "price_override_amount": "1130.00", "product": 5072, "track_inventory": true, "quantity": 100, "quantity_allocated": 0, "cost_price_amount": "1130.00", "weight": "1.0 kg"}}, {"model": "product.productvariant", "pk": 773, "fields": {"private_meta": {}, "meta": {}, "sku": "9325", "name": "M", "currency": "PKR", "price_override_amount": "2550.00", "product": 5073, "track_inventory": true, "quantity": 100, "quantity_allocated": 0, "cost_price_amount": "2550.00", "weight": "1.0 kg"}}, {"model": "product.productvariant", "pk": 774, "fields": {"private_meta": {}, "meta": {}, "sku": "9326", "name": "M", "currency": "PKR", "price_override_amount": "1100.00", "product": 5074, "track_inventory": true, "quantity": 100, "quantity_allocated": 0, "cost_price_amount": "1100.00", "weight": "1.0 kg"}}, {"model": "product.productimage", "pk": 15000, "fields": {"sort_order": 0, "product": 5000, "image": "IMG_20200120_145759.jpg", "ppoi": "0.5x0.5", "alt": ""}}, {"model": "product.productimage", "pk": 15001, "fields": {"sort_order": 0, "product": 5001, "image": "IMG_20200120_145822.jpg", "ppoi": "0.5x0.5", "alt": ""}}, {"model": "product.productimage", "pk": 15002, "fields": {"sort_order": 0, "product": 5002, "image": "IMG_20200130_120750.jpg", "ppoi": "0.5x0.5", "alt": ""}}, {"model": "product.productimage", "pk": 15003, "fields": {"sort_order": 0, "product": 5003, "image": "IMG_20200130_120819.jpg", "ppoi": "0.5x0.5", "alt": ""}}, {"model": "product.productimage", "pk": 15004, "fields": {"sort_order": 0, "product": 5004, "image": "IMG_20200130_120930.jpg", "ppoi": "0.5x0.5", "alt": ""}}, {"model": "product.productimage", "pk": 15005, "fields": {"sort_order": 0, "product": 5005, "image": "IMG_20200130_120954.jpg", "ppoi": "0.5x0.5", "alt": ""}}, {"model": "product.productimage", "pk": 15006, "fields": {"sort_order": 0, "product": 5006, "image": "IMG_20200130_121045.jpg", "ppoi": "0.5x0.5", "alt": ""}}, {"model": "product.productimage", "pk": 15007, "fields": {"sort_order": 0, "product": 5007, "image": "IMG_20200130_121107.jpg", "ppoi": "0.5x0.5", "alt": ""}}, {"model": "product.productimage", "pk": 15008, "fields": {"sort_order": 0, "product": 5008, "image": "IMG_20200130_121149.jpg", "ppoi": "0.5x0.5", "alt": ""}}, {"model": "product.productimage", "pk": 15009, "fields": {"sort_order": 0, "product": 5009, "image": "IMG_20200130_121211.jpg", "ppoi": "0.5x0.5", "alt": ""}}, {"model": "product.productimage", "pk": 15010, "fields": {"sort_order": 0, "product": 5010, "image": "IMG_20200130_121258.jpg", "ppoi": "0.5x0.5", "alt": ""}}, {"model": "product.productimage", "pk": 15011, "fields": {"sort_order": 0, "product": 5011, "image": "IMG_20200130_121328.jpg", "ppoi": "0.5x0.5", "alt": ""}}, {"model": "product.productimage", "pk": 15012, "fields": {"sort_order": 0, "product": 5012, "image": "IMG_20200130_121349.jpg", "ppoi": "0.5x0.5", "alt": ""}}, {"model": "product.productimage", "pk": 15013, "fields": {"sort_order": 0, "product": 5013, "image": "IMG_20200130_121408.jpg", "ppoi": "0.5x0.5", "alt": ""}}, {"model": "product.productimage", "pk": 15014, "fields": {"sort_order": 0, "product": 5014, "image": "IMG_20200130_121436.jpg", "ppoi": "0.5x0.5", "alt": ""}}, {"model": "product.productimage", "pk": 15015, "fields": {"sort_order": 0, "product": 5015, "image": "IMG_20200130_121507.jpg", "ppoi": "0.5x0.5", "alt": ""}}, {"model": "product.productimage", "pk": 15016, "fields": {"sort_order": 0, "product": 5016, "image": "IMG_20200130_121527.jpg", "ppoi": "0.5x0.5", "alt": ""}}, {"model": "product.productimage", "pk": 15017, "fields": {"sort_order": 0, "product": 5017, "image": "IMG_20200130_121545.jpg", "ppoi": "0.5x0.5", "alt": ""}}, {"model": "product.productimage", "pk": 15018, "fields": {"sort_order": 0, "product": 5018, "image": "IMG_20200130_121602.jpg", "ppoi": "0.5x0.5", "alt": ""}}, {"model": "product.productimage", "pk": 15019, "fields": {"sort_order": 0, "product": 5019, "image": "IMG_20200130_121621.jpg", "ppoi": "0.5x0.5", "alt": ""}}, {"model": "product.productimage", "pk": 15020, "fields": {"sort_order": 0, "product": 5020, "image": "IMG_20200130_121650.jpg", "ppoi": "0.5x0.5", "alt": ""}}, {"model": "product.productimage", "pk": 15021, "fields": {"sort_order": 0, "product": 5021, "image": "IMG_20200130_121749.jpg", "ppoi": "0.5x0.5", "alt": ""}}, {"model": "product.productimage", "pk": 15022, "fields": {"sort_order": 0, "product": 5022, "image": "IMG_20200130_121808.jpg", "ppoi": "0.5x0.5", "alt": ""}}, {"model": "product.productimage", "pk": 15023, "fields": {"sort_order": 0, "product": 5023, "image": "IMG_20200130_121842.jpg", "ppoi": "0.5x0.5", "alt": ""}}, {"model": "product.productimage", "pk": 15024, "fields": {"sort_order": 0, "product": 5024, "image": "IMG_20200130_121906.jpg", "ppoi": "0.5x0.5", "alt": ""}}, {"model": "product.productimage", "pk": 15025, "fields": {"sort_order": 0, "product": 5025, "image": "IMG_20200130_121924.jpg", "ppoi": "0.5x0.5", "alt": ""}}, {"model": "product.productimage", "pk": 15026, "fields": {"sort_order": 0, "product": 5026, "image": "IMG_20200130_121942.jpg", "ppoi": "0.5x0.5", "alt": ""}}, {"model": "product.productimage", "pk": 15027, "fields": {"sort_order": 0, "product": 5027, "image": "IMG_20200130_122014.jpg", "ppoi": "0.5x0.5", "alt": ""}}, {"model": "product.productimage", "pk": 15028, "fields": {"sort_order": 0, "product": 5028, "image": "IMG_20200130_122033.jpg", "ppoi": "0.5x0.5", "alt": ""}}, {"model": "product.productimage", "pk": 15029, "fields": {"sort_order": 0, "product": 5029, "image": "IMG_20200130_122409.jpg", "ppoi": "0.5x0.5", "alt": ""}}, {"model": "product.productimage", "pk": 15030, "fields": {"sort_order": 0, "product": 5030, "image": "IMG_20200130_122441.jpg", "ppoi": "0.5x0.5", "alt": ""}}, {"model": "product.productimage", "pk": 15031, "fields": {"sort_order": 0, "product": 5031, "image": "IMG_20200130_122512.jpg", "ppoi": "0.5x0.5", "alt": ""}}, {"model": "product.productimage", "pk": 15032, "fields": {"sort_order": 0, "product": 5032, "image": "IMG_20200130_122534.jpg", "ppoi": "0.5x0.5", "alt": ""}}, {"model": "product.productimage", "pk": 15033, "fields": {"sort_order": 0, "product": 5033, "image": "IMG_20200130_122608.jpg", "ppoi": "0.5x0.5", "alt": ""}}, {"model": "product.productimage", "pk": 15034, "fields": {"sort_order": 0, "product": 5034, "image": "IMG_20200130_122657.jpg", "ppoi": "0.5x0.5", "alt": ""}}, {"model": "product.productimage", "pk": 15035, "fields": {"sort_order": 0, "product": 5035, "image": "IMG_20200130_122709.jpg", "ppoi": "0.5x0.5", "alt": ""}}, {"model": "product.productimage", "pk": 15036, "fields": {"sort_order": 0, "product": 5036, "image": "IMG_20200130_122739.jpg", "ppoi": "0.5x0.5", "alt": ""}}, {"model": "product.productimage", "pk": 15037, "fields": {"sort_order": 0, "product": 5037, "image": "IMG_20200130_122803.jpg", "ppoi": "0.5x0.5", "alt": ""}}, {"model": "product.productimage", "pk": 15038, "fields": {"sort_order": 0, "product": 5038, "image": "IMG_20200130_122817.jpg", "ppoi": "0.5x0.5", "alt": ""}}, {"model": "product.productimage", "pk": 15039, "fields": {"sort_order": 0, "product": 5039, "image": "IMG_20200130_122841.jpg", "ppoi": "0.5x0.5", "alt": ""}}, {"model": "product.productimage", "pk": 15040, "fields": {"sort_order": 0, "product": 5040, "image": "IMG_20200130_122852.jpg", "ppoi": "0.5x0.5", "alt": ""}}, {"model": "product.productimage", "pk": 15041, "fields": {"sort_order": 0, "product": 5041, "image": "IMG_20200130_122901.jpg", "ppoi": "0.5x0.5", "alt": ""}}, {"model": "product.productimage", "pk": 15042, "fields": {"sort_order": 0, "product": 5042, "image": "IMG_20200130_123002.jpg", "ppoi": "0.5x0.5", "alt": ""}}, {"model": "product.productimage", "pk": 15043, "fields": {"sort_order": 0, "product": 5043, "image": "IMG_20200130_123017.jpg", "ppoi": "0.5x0.5", "alt": ""}}, {"model": "product.productimage", "pk": 15044, "fields": {"sort_order": 0, "product": 5044, "image": "IMG_20200130_123030.jpg", "ppoi": "0.5x0.5", "alt": ""}}, {"model": "product.productimage", "pk": 15045, "fields": {"sort_order": 0, "product": 5045, "image": "IMG_20200130_123043.jpg", "ppoi": "0.5x0.5", "alt": ""}}, {"model": "product.productimage", "pk": 15046, "fields": {"sort_order": 0, "product": 5046, "image": "IMG_20200130_123101.jpg", "ppoi": "0.5x0.5", "alt": ""}}, {"model": "product.productimage", "pk": 15047, "fields": {"sort_order": 0, "product": 5047, "image": "IMG_20200130_123118.jpg", "ppoi": "0.5x0.5", "alt": ""}}, {"model": "product.productimage", "pk": 15048, "fields": {"sort_order": 0, "product": 5048, "image": "IMG_20200130_123128.jpg", "ppoi": "0.5x0.5", "alt": ""}}, {"model": "product.productimage", "pk": 15049, "fields": {"sort_order": 0, "product": 5049, "image": "IMG_20200130_123147.jpg", "ppoi": "0.5x0.5", "alt": ""}}, {"model": "product.productimage", "pk": 15050, "fields": {"sort_order": 0, "product": 5050, "image": "IMG_20200130_123201.jpg", "ppoi": "0.5x0.5", "alt": ""}}, {"model": "product.productimage", "pk": 15051, "fields": {"sort_order": 0, "product": 5051, "image": "IMG_20200130_123214.jpg", "ppoi": "0.5x0.5", "alt": ""}}, {"model": "product.productimage", "pk": 15052, "fields": {"sort_order": 0, "product": 5052, "image": "IMG_20200130_123224.jpg", "ppoi": "0.5x0.5", "alt": ""}}, {"model": "product.productimage", "pk": 15053, "fields": {"sort_order": 0, "product": 5053, "image": "IMG_20200130_123240.jpg", "ppoi": "0.5x0.5", "alt": ""}}, {"model": "product.productimage", "pk": 15054, "fields": {"sort_order": 0, "product": 5054, "image": "IMG_20200130_123311.jpg", "ppoi": "0.5x0.5", "alt": ""}}, {"model": "product.productimage", "pk": 15055, "fields": {"sort_order": 0, "product": 5055, "image": "IMG_20200130_123343.jpg", "ppoi": "0.5x0.5", "alt": ""}}, {"model": "product.productimage", "pk": 15056, "fields": {"sort_order": 0, "product": 5056, "image": "IMG_20200130_123357.jpg", "ppoi": "0.5x0.5", "alt": ""}}, {"model": "product.productimage", "pk": 15057, "fields": {"sort_order": 0, "product": 5057, "image": "IMG_20200130_123456.jpg", "ppoi": "0.5x0.5", "alt": ""}}, {"model": "product.productimage", "pk": 15058, "fields": {"sort_order": 0, "product": 5058, "image": "IMG_20200130_151802.jpg", "ppoi": "0.5x0.5", "alt": ""}}, {"model": "product.productimage", "pk": 15059, "fields": {"sort_order": 0, "product": 5059, "image": "IMG_20200130_151820.jpg", "ppoi": "0.5x0.5", "alt": ""}}, {"model": "product.productimage", "pk": 15060, "fields": {"sort_order": 0, "product": 5060, "image": "IMG_20200130_151836.jpg", "ppoi": "0.5x0.5", "alt": ""}}, {"model": "product.productimage", "pk": 15061, "fields": {"sort_order": 0, "product": 5061, "image": "IMG_20200130_151847.jpg", "ppoi": "0.5x0.5", "alt": ""}}, {"model": "product.productimage", "pk": 15062, "fields": {"sort_order": 0, "product": 5062, "image": "IMG_20200130_151902.jpg", "ppoi": "0.5x0.5", "alt": ""}}, {"model": "product.productimage", "pk": 15063, "fields": {"sort_order": 0, "product": 5063, "image": "IMG_20200130_151917.jpg", "ppoi": "0.5x0.5", "alt": ""}}, {"model": "product.productimage", "pk": 15064, "fields": {"sort_order": 0, "product": 5064, "image": "IMG_20200130_151927.jpg", "ppoi": "0.5x0.5", "alt": ""}}, {"model": "product.productimage", "pk": 15065, "fields": {"sort_order": 0, "product": 5065, "image": "IMG_20200130_151938.jpg", "ppoi": "0.5x0.5", "alt": ""}}, {"model": "product.productimage", "pk": 15066, "fields": {"sort_order": 0, "product": 5066, "image": "IMG_20200130_151952.jpg", "ppoi": "0.5x0.5", "alt": ""}}, {"model": "product.productimage", "pk": 15067, "fields": {"sort_order": 0, "product": 5067, "image": "IMG_20200130_152003.jpg", "ppoi": "0.5x0.5", "alt": ""}}, {"model": "product.productimage", "pk": 15068, "fields": {"sort_order": 0, "product": 5068, "image": "IMG_20200130_152347.jpg", "ppoi": "0.5x0.5", "alt": ""}}, {"model": "product.productimage", "pk": 15069, "fields": {"sort_order": 0, "product": 5069, "image": "IMG_20200130_152400.jpg", "ppoi": "0.5x0.5", "alt": ""}}, {"model": "product.productimage", "pk": 15070, "fields": {"sort_order": 0, "product": 5070, "image": "IMG_20200130_152428.jpg", "ppoi": "0.5x0.5", "alt": ""}}, {"model": "product.productimage", "pk": 15071, "fields": {"sort_order": 0, "product": 5071, "image": "IMG_20200130_152445.jpg", "ppoi": "0.5x0.5", "alt": ""}}, {"model": "product.productimage", "pk": 15072, "fields": {"sort_order": 0, "product": 5072, "image": "IMG_20200130_152511.jpg", "ppoi": "0.5x0.5", "alt": ""}}, {"model": "product.productimage", "pk": 15073, "fields": {"sort_order": 0, "product": 5073, "image": "IMG_20200130_192213.jpg", "ppoi": "0.5x0.5", "alt": ""}}, {"model": "product.productimage", "pk": 15074, "fields": {"sort_order": 0, "product": 5074, "image": "IMG_20200130_192240.jpg", "ppoi": "0.5x0.5", "alt": ""}}, {"model": "product.collectionproduct", "pk": 10000, "fields": {"sort_order": null, "collection": 2020, "product": 5000}}, {"model": "product.collectionproduct", "pk": 10001, "fields": {"sort_order": null, "collection": 2020, "product": 5001}}, {"model": "product.collectionproduct", "pk": 10002, "fields": {"sort_order": null, "collection": 2020, "product": 5002}}, {"model": "product.collectionproduct", "pk": 10003, "fields": {"sort_order": null, "collection": 2020, "product": 5003}}, {"model": "product.collectionproduct", "pk": 10004, "fields": {"sort_order": null, "collection": 2020, "product": 5004}}, {"model": "product.collectionproduct", "pk": 10005, "fields": {"sort_order": null, "collection": 2020, "product": 5005}}, {"model": "product.collectionproduct", "pk": 10006, "fields": {"sort_order": null, "collection": 2020, "product": 5006}}, {"model": "product.collectionproduct", "pk": 10007, "fields": {"sort_order": null, "collection": 2020, "product": 5007}}, {"model": "product.collectionproduct", "pk": 10008, "fields": {"sort_order": null, "collection": 2020, "product": 5008}}, {"model": "product.collectionproduct", "pk": 10009, "fields": {"sort_order": null, "collection": 2020, "product": 5009}}, {"model": "product.collectionproduct", "pk": 10010, "fields": {"sort_order": null, "collection": 2020, "product": 5010}}, {"model": "product.collectionproduct", "pk": 10011, "fields": {"sort_order": null, "collection": 2020, "product": 5011}}, {"model": "product.collectionproduct", "pk": 10012, "fields": {"sort_order": null, "collection": 2020, "product": 5012}}, {"model": "product.collectionproduct", "pk": 10013, "fields": {"sort_order": null, "collection": 2020, "product": 5013}}, {"model": "product.collectionproduct", "pk": 10014, "fields": {"sort_order": null, "collection": 2020, "product": 5014}}, {"model": "product.collectionproduct", "pk": 10015, "fields": {"sort_order": null, "collection": 2020, "product": 5015}}, {"model": "product.collectionproduct", "pk": 10016, "fields": {"sort_order": null, "collection": 2020, "product": 5016}}, {"model": "product.collectionproduct", "pk": 10017, "fields": {"sort_order": null, "collection": 2020, "product": 5017}}, {"model": "product.collectionproduct", "pk": 10018, "fields": {"sort_order": null, "collection": 2020, "product": 5018}}, {"model": "product.collectionproduct", "pk": 10019, "fields": {"sort_order": null, "collection": 2020, "product": 5019}}, {"model": "product.collectionproduct", "pk": 10020, "fields": {"sort_order": null, "collection": 2020, "product": 5020}}, {"model": "product.collectionproduct", "pk": 10021, "fields": {"sort_order": null, "collection": 2020, "product": 5021}}, {"model": "product.collectionproduct", "pk": 10022, "fields": {"sort_order": null, "collection": 2020, "product": 5022}}, {"model": "product.collectionproduct", "pk": 10023, "fields": {"sort_order": null, "collection": 2020, "product": 5023}}, {"model": "product.collectionproduct", "pk": 10024, "fields": {"sort_order": null, "collection": 2020, "product": 5024}}, {"model": "product.collectionproduct", "pk": 10025, "fields": {"sort_order": null, "collection": 2020, "product": 5025}}, {"model": "product.collectionproduct", "pk": 10026, "fields": {"sort_order": null, "collection": 2020, "product": 5026}}, {"model": "product.collectionproduct", "pk": 10027, "fields": {"sort_order": null, "collection": 2020, "product": 5027}}, {"model": "product.collectionproduct", "pk": 10028, "fields": {"sort_order": null, "collection": 2020, "product": 5028}}, {"model": "product.collectionproduct", "pk": 10029, "fields": {"sort_order": null, "collection": 2020, "product": 5029}}, {"model": "product.collectionproduct", "pk": 10030, "fields": {"sort_order": null, "collection": 2020, "product": 5030}}, {"model": "product.collectionproduct", "pk": 10031, "fields": {"sort_order": null, "collection": 2020, "product": 5031}}, {"model": "product.collectionproduct", "pk": 10032, "fields": {"sort_order": null, "collection": 2020, "product": 5032}}, {"model": "product.collectionproduct", "pk": 10033, "fields": {"sort_order": null, "collection": 2020, "product": 5033}}, {"model": "product.collectionproduct", "pk": 10034, "fields": {"sort_order": null, "collection": 2020, "product": 5034}}, {"model": "product.collectionproduct", "pk": 10035, "fields": {"sort_order": null, "collection": 2020, "product": 5035}}, {"model": "product.collectionproduct", "pk": 10036, "fields": {"sort_order": null, "collection": 2020, "product": 5036}}, {"model": "product.collectionproduct", "pk": 10037, "fields": {"sort_order": null, "collection": 2020, "product": 5037}}, {"model": "product.collectionproduct", "pk": 10038, "fields": {"sort_order": null, "collection": 2020, "product": 5038}}, {"model": "product.collectionproduct", "pk": 10039, "fields": {"sort_order": null, "collection": 2020, "product": 5039}}, {"model": "product.collectionproduct", "pk": 10040, "fields": {"sort_order": null, "collection": 2020, "product": 5040}}, {"model": "product.collectionproduct", "pk": 10041, "fields": {"sort_order": null, "collection": 2020, "product": 5041}}, {"model": "product.collectionproduct", "pk": 10042, "fields": {"sort_order": null, "collection": 2020, "product": 5042}}, {"model": "product.collectionproduct", "pk": 10043, "fields": {"sort_order": null, "collection": 2020, "product": 5043}}, {"model": "product.collectionproduct", "pk": 10044, "fields": {"sort_order": null, "collection": 2020, "product": 5044}}, {"model": "product.collectionproduct", "pk": 10045, "fields": {"sort_order": null, "collection": 2020, "product": 5045}}, {"model": "product.collectionproduct", "pk": 10046, "fields": {"sort_order": null, "collection": 2020, "product": 5046}}, {"model": "product.collectionproduct", "pk": 10047, "fields": {"sort_order": null, "collection": 2020, "product": 5047}}, {"model": "product.collectionproduct", "pk": 10048, "fields": {"sort_order": null, "collection": 2020, "product": 5048}}, {"model": "product.collectionproduct", "pk": 10049, "fields": {"sort_order": null, "collection": 2020, "product": 5049}}, {"model": "product.collectionproduct", "pk": 10050, "fields": {"sort_order": null, "collection": 2020, "product": 5050}}, {"model": "product.collectionproduct", "pk": 10051, "fields": {"sort_order": null, "collection": 2020, "product": 5051}}, {"model": "product.collectionproduct", "pk": 10052, "fields": {"sort_order": null, "collection": 2020, "product": 5052}}, {"model": "product.collectionproduct", "pk": 10053, "fields": {"sort_order": null, "collection": 2020, "product": 5053}}, {"model": "product.collectionproduct", "pk": 10054, "fields": {"sort_order": null, "collection": 2020, "product": 5054}}, {"model": "product.collectionproduct", "pk": 10055, "fields": {"sort_order": null, "collection": 2020, "product": 5055}}, {"model": "product.collectionproduct", "pk": 10056, "fields": {"sort_order": null, "collection": 2020, "product": 5056}}, {"model": "product.collectionproduct", "pk": 10057, "fields": {"sort_order": null, "collection": 2020, "product": 5057}}, {"model": "product.collectionproduct", "pk": 10058, "fields": {"sort_order": null, "collection": 2020, "product": 5058}}, {"model": "product.collectionproduct", "pk": 10059, "fields": {"sort_order": null, "collection": 2020, "product": 5059}}, {"model": "product.collectionproduct", "pk": 10060, "fields": {"sort_order": null, "collection": 2020, "product": 5060}}, {"model": "product.collectionproduct", "pk": 10061, "fields": {"sort_order": null, "collection": 2020, "product": 5061}}, {"model": "product.collectionproduct", "pk": 10062, "fields": {"sort_order": null, "collection": 2020, "product": 5062}}, {"model": "product.collectionproduct", "pk": 10063, "fields": {"sort_order": null, "collection": 2020, "product": 5063}}, {"model": "product.collectionproduct", "pk": 10064, "fields": {"sort_order": null, "collection": 2020, "product": 5064}}, {"model": "product.collectionproduct", "pk": 10065, "fields": {"sort_order": null, "collection": 2020, "product": 5065}}, {"model": "product.collectionproduct", "pk": 10066, "fields": {"sort_order": null, "collection": 2020, "product": 5066}}, {"model": "product.collectionproduct", "pk": 10067, "fields": {"sort_order": null, "collection": 2020, "product": 5067}}, {"model": "product.collectionproduct", "pk": 10068, "fields": {"sort_order": null, "collection": 2020, "product": 5068}}, {"model": "product.collectionproduct", "pk": 10069, "fields": {"sort_order": null, "collection": 2020, "product": 5069}}, {"model": "product.collectionproduct", "pk": 10070, "fields": {"sort_order": null, "collection": 2020, "product": 5070}}, {"model": "product.collectionproduct", "pk": 10071, "fields": {"sort_order": null, "collection": 2020, "product": 5071}}, {"model": "product.collectionproduct", "pk": 10072, "fields": {"sort_order": null, "collection": 2020, "product": 5072}}, {"model": "product.collectionproduct", "pk": 10073, "fields": {"sort_order": null, "collection": 2020, "product": 5073}}, {"model": "product.collectionproduct", "pk": 10074, "fields": {"sort_order": null, "collection": 2020, "product": 5074}}, {"model": "product.assignedproductattribute", "pk": 50000, "fields": {"product": 5000, "assignment": 500, "values": [25000]}}, {"model": "product.assignedproductattribute", "pk": 50001, "fields": {"product": 5000, "assignment": 501, "values": [25005]}}, {"model": "product.assignedproductattribute", "pk": 50002, "fields": {"product": 5001, "assignment": 500, "values": [25001]}}, {"model": "product.assignedproductattribute", "pk": 50003, "fields": {"product": 5001, "assignment": 501, "values": [25005]}}, {"model": "product.assignedproductattribute", "pk": 50004, "fields": {"product": 5002, "assignment": 500, "values": [25000]}}, {"model": "product.assignedproductattribute", "pk": 50005, "fields": {"product": 5002, "assignment": 501, "values": [25006]}}, {"model": "product.assignedproductattribute", "pk": 50006, "fields": {"product": 5003, "assignment": 502, "values": [25000]}}, {"model": "product.assignedproductattribute", "pk": 50007, "fields": {"product": 5003, "assignment": 503, "values": [25006]}}, {"model": "product.assignedproductattribute", "pk": 50008, "fields": {"product": 5004, "assignment": 500, "values": [25002]}}, {"model": "product.assignedproductattribute", "pk": 50009, "fields": {"product": 5004, "assignment": 501, "values": [25005]}}, {"model": "product.assignedproductattribute", "pk": 50010, "fields": {"product": 5005, "assignment": 504, "values": [25001]}}, {"model": "product.assignedproductattribute", "pk": 50011, "fields": {"product": 5005, "assignment": 505, "values": [25006]}}, {"model": "product.assignedproductattribute", "pk": 50012, "fields": {"product": 5006, "assignment": 504, "values": [25003]}}, {"model": "product.assignedproductattribute", "pk": 50013, "fields": {"product": 5006, "assignment": 505, "values": [25004]}}, {"model": "product.assignedproductattribute", "pk": 50014, "fields": {"product": 5007, "assignment": 500, "values": [25001]}}, {"model": "product.assignedproductattribute", "pk": 50015, "fields": {"product": 5007, "assignment": 501, "values": [25004]}}, {"model": "product.assignedproductattribute", "pk": 50016, "fields": {"product": 5008, "assignment": 506, "values": [25000]}}, {"model": "product.assignedproductattribute", "pk": 50017, "fields": {"product": 5008, "assignment": 507, "values": [25005]}}, {"model": "product.assignedproductattribute", "pk": 50018, "fields": {"product": 5009, "assignment": 508, "values": [25000]}}, {"model": "product.assignedproductattribute", "pk": 50019, "fields": {"product": 5009, "assignment": 509, "values": [25004]}}, {"model": "product.assignedproductattribute", "pk": 50020, "fields": {"product": 5010, "assignment": 508, "values": [25000]}}, {"model": "product.assignedproductattribute", "pk": 50021, "fields": {"product": 5010, "assignment": 509, "values": [25004]}}, {"model": "product.assignedproductattribute", "pk": 50022, "fields": {"product": 5011, "assignment": 500, "values": [25003]}}, {"model": "product.assignedproductattribute", "pk": 50023, "fields": {"product": 5011, "assignment": 501, "values": [25005]}}, {"model": "product.assignedproductattribute", "pk": 50024, "fields": {"product": 5012, "assignment": 504, "values": [25001]}}, {"model": "product.assignedproductattribute", "pk": 50025, "fields": {"product": 5012, "assignment": 505, "values": [25004]}}, {"model": "product.assignedproductattribute", "pk": 50026, "fields": {"product": 5013, "assignment": 502, "values": [25001]}}, {"model": "product.assignedproductattribute", "pk": 50027, "fields": {"product": 5013, "assignment": 503, "values": [25004]}}, {"model": "product.assignedproductattribute", "pk": 50028, "fields": {"product": 5014, "assignment": 500, "values": [25001]}}, {"model": "product.assignedproductattribute", "pk": 50029, "fields": {"product": 5014, "assignment": 501, "values": [25004]}}, {"model": "product.assignedproductattribute", "pk": 50030, "fields": {"product": 5015, "assignment": 500, "values": [25000]}}, {"model": "product.assignedproductattribute", "pk": 50031, "fields": {"product": 5015, "assignment": 501, "values": [25004]}}, {"model": "product.assignedproductattribute", "pk": 50032, "fields": {"product": 5016, "assignment": 508, "values": [25002]}}, {"model": "product.assignedproductattribute", "pk": 50033, "fields": {"product": 5016, "assignment": 509, "values": [25006]}}, {"model": "product.assignedproductattribute", "pk": 50034, "fields": {"product": 5017, "assignment": 508, "values": [25003]}}, {"model": "product.assignedproductattribute", "pk": 50035, "fields": {"product": 5017, "assignment": 509, "values": [25006]}}, {"model": "product.assignedproductattribute", "pk": 50036, "fields": {"product": 5018, "assignment": 500, "values": [25002]}}, {"model": "product.assignedproductattribute", "pk": 50037, "fields": {"product": 5018, "assignment": 501, "values": [25004]}}, {"model": "product.assignedproductattribute", "pk": 50038, "fields": {"product": 5019, "assignment": 500, "values": [25003]}}, {"model": "product.assignedproductattribute", "pk": 50039, "fields": {"product": 5019, "assignment": 501, "values": [25005]}}, {"model": "product.assignedproductattribute", "pk": 50040, "fields": {"product": 5020, "assignment": 500, "values": [25001]}}, {"model": "product.assignedproductattribute", "pk": 50041, "fields": {"product": 5020, "assignment": 501, "values": [25004]}}, {"model": "product.assignedproductattribute", "pk": 50042, "fields": {"product": 5021, "assignment": 500, "values": [25002]}}, {"model": "product.assignedproductattribute", "pk": 50043, "fields": {"product": 5021, "assignment": 501, "values": [25005]}}, {"model": "product.assignedproductattribute", "pk": 50044, "fields": {"product": 5022, "assignment": 500, "values": [25003]}}, {"model": "product.assignedproductattribute", "pk": 50045, "fields": {"product": 5022, "assignment": 501, "values": [25005]}}, {"model": "product.assignedproductattribute", "pk": 50046, "fields": {"product": 5023, "assignment": 508, "values": [25002]}}, {"model": "product.assignedproductattribute", "pk": 50047, "fields": {"product": 5023, "assignment": 509, "values": [25004]}}, {"model": "product.assignedproductattribute", "pk": 50048, "fields": {"product": 5024, "assignment": 500, "values": [25001]}}, {"model": "product.assignedproductattribute", "pk": 50049, "fields": {"product": 5024, "assignment": 501, "values": [25005]}}, {"model": "product.assignedproductattribute", "pk": 50050, "fields": {"product": 5025, "assignment": 500, "values": [25001]}}, {"model": "product.assignedproductattribute", "pk": 50051, "fields": {"product": 5025, "assignment": 501, "values": [25004]}}, {"model": "product.assignedproductattribute", "pk": 50052, "fields": {"product": 5026, "assignment": 500, "values": [25003]}}, {"model": "product.assignedproductattribute", "pk": 50053, "fields": {"product": 5026, "assignment": 501, "values": [25006]}}, {"model": "product.assignedproductattribute", "pk": 50054, "fields": {"product": 5027, "assignment": 508, "values": [25000]}}, {"model": "product.assignedproductattribute", "pk": 50055, "fields": {"product": 5027, "assignment": 509, "values": [25005]}}, {"model": "product.assignedproductattribute", "pk": 50056, "fields": {"product": 5028, "assignment": 500, "values": [25000]}}, {"model": "product.assignedproductattribute", "pk": 50057, "fields": {"product": 5028, "assignment": 501, "values": [25006]}}, {"model": "product.assignedproductattribute", "pk": 50058, "fields": {"product": 5029, "assignment": 500, "values": [25000]}}, {"model": "product.assignedproductattribute", "pk": 50059, "fields": {"product": 5029, "assignment": 501, "values": [25006]}}, {"model": "product.assignedproductattribute", "pk": 50060, "fields": {"product": 5030, "assignment": 500, "values": [25002]}}, {"model": "product.assignedproductattribute", "pk": 50061, "fields": {"product": 5030, "assignment": 501, "values": [25005]}}, {"model": "product.assignedproductattribute", "pk": 50062, "fields": {"product": 5031, "assignment": 500, "values": [25003]}}, {"model": "product.assignedproductattribute", "pk": 50063, "fields": {"product": 5031, "assignment": 501, "values": [25006]}}, {"model": "product.assignedproductattribute", "pk": 50064, "fields": {"product": 5032, "assignment": 500, "values": [25002]}}, {"model": "product.assignedproductattribute", "pk": 50065, "fields": {"product": 5032, "assignment": 501, "values": [25004]}}, {"model": "product.assignedproductattribute", "pk": 50066, "fields": {"product": 5033, "assignment": 508, "values": [25003]}}, {"model": "product.assignedproductattribute", "pk": 50067, "fields": {"product": 5033, "assignment": 509, "values": [25006]}}, {"model": "product.assignedproductattribute", "pk": 50068, "fields": {"product": 5034, "assignment": 500, "values": [25001]}}, {"model": "product.assignedproductattribute", "pk": 50069, "fields": {"product": 5034, "assignment": 501, "values": [25004]}}, {"model": "product.assignedproductattribute", "pk": 50070, "fields": {"product": 5035, "assignment": 500, "values": [25001]}}, {"model": "product.assignedproductattribute", "pk": 50071, "fields": {"product": 5035, "assignment": 501, "values": [25005]}}, {"model": "product.assignedproductattribute", "pk": 50072, "fields": {"product": 5036, "assignment": 508, "values": [25001]}}, {"model": "product.assignedproductattribute", "pk": 50073, "fields": {"product": 5036, "assignment": 509, "values": [25005]}}, {"model": "product.assignedproductattribute", "pk": 50074, "fields": {"product": 5037, "assignment": 500, "values": [25001]}}, {"model": "product.assignedproductattribute", "pk": 50075, "fields": {"product": 5037, "assignment": 501, "values": [25005]}}, {"model": "product.assignedproductattribute", "pk": 50076, "fields": {"product": 5038, "assignment": 500, "values": [25000]}}, {"model": "product.assignedproductattribute", "pk": 50077, "fields": {"product": 5038, "assignment": 501, "values": [25006]}}, {"model": "product.assignedproductattribute", "pk": 50078, "fields": {"product": 5039, "assignment": 500, "values": [25002]}}, {"model": "product.assignedproductattribute", "pk": 50079, "fields": {"product": 5039, "assignment": 501, "values": [25005]}}, {"model": "product.assignedproductattribute", "pk": 50080, "fields": {"product": 5040, "assignment": 500, "values": [25003]}}, {"model": "product.assignedproductattribute", "pk": 50081, "fields": {"product": 5040, "assignment": 501, "values": [25006]}}, {"model": "product.assignedproductattribute", "pk": 50082, "fields": {"product": 5041, "assignment": 500, "values": [25003]}}, {"model": "product.assignedproductattribute", "pk": 50083, "fields": {"product": 5041, "assignment": 501, "values": [25004]}}, {"model": "product.assignedproductattribute", "pk": 50084, "fields": {"product": 5042, "assignment": 500, "values": [25000]}}, {"model": "product.assignedproductattribute", "pk": 50085, "fields": {"product": 5042, "assignment": 501, "values": [25006]}}, {"model": "product.assignedproductattribute", "pk": 50086, "fields": {"product": 5043, "assignment": 500, "values": [25003]}}, {"model": "product.assignedproductattribute", "pk": 50087, "fields": {"product": 5043, "assignment": 501, "values": [25004]}}, {"model": "product.assignedproductattribute", "pk": 50088, "fields": {"product": 5044, "assignment": 500, "values": [25003]}}, {"model": "product.assignedproductattribute", "pk": 50089, "fields": {"product": 5044, "assignment": 501, "values": [25006]}}, {"model": "product.assignedproductattribute", "pk": 50090, "fields": {"product": 5045, "assignment": 500, "values": [25003]}}, {"model": "product.assignedproductattribute", "pk": 50091, "fields": {"product": 5045, "assignment": 501, "values": [25004]}}, {"model": "product.assignedproductattribute", "pk": 50092, "fields": {"product": 5046, "assignment": 500, "values": [25001]}}, {"model": "product.assignedproductattribute", "pk": 50093, "fields": {"product": 5046, "assignment": 501, "values": [25004]}}, {"model": "product.assignedproductattribute", "pk": 50094, "fields": {"product": 5047, "assignment": 500, "values": [25003]}}, {"model": "product.assignedproductattribute", "pk": 50095, "fields": {"product": 5047, "assignment": 501, "values": [25005]}}, {"model": "product.assignedproductattribute", "pk": 50096, "fields": {"product": 5048, "assignment": 500, "values": [25003]}}, {"model": "product.assignedproductattribute", "pk": 50097, "fields": {"product": 5048, "assignment": 501, "values": [25006]}}, {"model": "product.assignedproductattribute", "pk": 50098, "fields": {"product": 5049, "assignment": 500, "values": [25001]}}, {"model": "product.assignedproductattribute", "pk": 50099, "fields": {"product": 5049, "assignment": 501, "values": [25006]}}, {"model": "product.assignedproductattribute", "pk": 50100, "fields": {"product": 5050, "assignment": 500, "values": [25003]}}, {"model": "product.assignedproductattribute", "pk": 50101, "fields": {"product": 5050, "assignment": 501, "values": [25004]}}, {"model": "product.assignedproductattribute", "pk": 50102, "fields": {"product": 5051, "assignment": 500, "values": [25002]}}, {"model": "product.assignedproductattribute", "pk": 50103, "fields": {"product": 5051, "assignment": 501, "values": [25005]}}, {"model": "product.assignedproductattribute", "pk": 50104, "fields": {"product": 5052, "assignment": 500, "values": [25002]}}, {"model": "product.assignedproductattribute", "pk": 50105, "fields": {"product": 5052, "assignment": 501, "values": [25005]}}, {"model": "product.assignedproductattribute", "pk": 50106, "fields": {"product": 5053, "assignment": 500, "values": [25000]}}, {"model": "product.assignedproductattribute", "pk": 50107, "fields": {"product": 5053, "assignment": 501, "values": [25005]}}, {"model": "product.assignedproductattribute", "pk": 50108, "fields": {"product": 5054, "assignment": 508, "values": [25002]}}, {"model": "product.assignedproductattribute", "pk": 50109, "fields": {"product": 5054, "assignment": 509, "values": [25005]}}, {"model": "product.assignedproductattribute", "pk": 50110, "fields": {"product": 5055, "assignment": 500, "values": [25002]}}, {"model": "product.assignedproductattribute", "pk": 50111, "fields": {"product": 5055, "assignment": 501, "values": [25004]}}, {"model": "product.assignedproductattribute", "pk": 50112, "fields": {"product": 5056, "assignment": 500, "values": [25001]}}, {"model": "product.assignedproductattribute", "pk": 50113, "fields": {"product": 5056, "assignment": 501, "values": [25004]}}, {"model": "product.assignedproductattribute", "pk": 50114, "fields": {"product": 5057, "assignment": 500, "values": [25002]}}, {"model": "product.assignedproductattribute", "pk": 50115, "fields": {"product": 5057, "assignment": 501, "values": [25004]}}, {"model": "product.assignedproductattribute", "pk": 50116, "fields": {"product": 5058, "assignment": 508, "values": [25003]}}, {"model": "product.assignedproductattribute", "pk": 50117, "fields": {"product": 5058, "assignment": 509, "values": [25006]}}, {"model": "product.assignedproductattribute", "pk": 50118, "fields": {"product": 5059, "assignment": 500, "values": [25003]}}, {"model": "product.assignedproductattribute", "pk": 50119, "fields": {"product": 5059, "assignment": 501, "values": [25004]}}, {"model": "product.assignedproductattribute", "pk": 50120, "fields": {"product": 5060, "assignment": 502, "values": [25001]}}, {"model": "product.assignedproductattribute", "pk": 50121, "fields": {"product": 5060, "assignment": 503, "values": [25005]}}, {"model": "product.assignedproductattribute", "pk": 50122, "fields": {"product": 5061, "assignment": 500, "values": [25003]}}, {"model": "product.assignedproductattribute", "pk": 50123, "fields": {"product": 5061, "assignment": 501, "values": [25004]}}, {"model": "product.assignedproductattribute", "pk": 50124, "fields": {"product": 5062, "assignment": 502, "values": [25000]}}, {"model": "product.assignedproductattribute", "pk": 50125, "fields": {"product": 5062, "assignment": 503, "values": [25004]}}, {"model": "product.assignedproductattribute", "pk": 50126, "fields": {"product": 5063, "assignment": 500, "values": [25001]}}, {"model": "product.assignedproductattribute", "pk": 50127, "fields": {"product": 5063, "assignment": 501, "values": [25006]}}, {"model": "product.assignedproductattribute", "pk": 50128, "fields": {"product": 5064, "assignment": 508, "values": [25001]}}, {"model": "product.assignedproductattribute", "pk": 50129, "fields": {"product": 5064, "assignment": 509, "values": [25006]}}, {"model": "product.assignedproductattribute", "pk": 50130, "fields": {"product": 5065, "assignment": 502, "values": [25003]}}, {"model": "product.assignedproductattribute", "pk": 50131, "fields": {"product": 5065, "assignment": 503, "values": [25006]}}, {"model": "product.assignedproductattribute", "pk": 50132, "fields": {"product": 5066, "assignment": 500, "values": [25001]}}, {"model": "product.assignedproductattribute", "pk": 50133, "fields": {"product": 5066, "assignment": 501, "values": [25005]}}, {"model": "product.assignedproductattribute", "pk": 50134, "fields": {"product": 5067, "assignment": 502, "values": [25003]}}, {"model": "product.assignedproductattribute", "pk": 50135, "fields": {"product": 5067, "assignment": 503, "values": [25004]}}, {"model": "product.assignedproductattribute", "pk": 50136, "fields": {"product": 5068, "assignment": 502, "values": [25002]}}, {"model": "product.assignedproductattribute", "pk": 50137, "fields": {"product": 5068, "assignment": 503, "values": [25004]}}, {"model": "product.assignedproductattribute", "pk": 50138, "fields": {"product": 5069, "assignment": 502, "values": [25003]}}, {"model": "product.assignedproductattribute", "pk": 50139, "fields": {"product": 5069, "assignment": 503, "values": [25004]}}, {"model": "product.assignedproductattribute", "pk": 50140, "fields": {"product": 5070, "assignment": 500, "values": [25002]}}, {"model": "product.assignedproductattribute", "pk": 50141, "fields": {"product": 5070, "assignment": 501, "values": [25005]}}, {"model": "product.assignedproductattribute", "pk": 50142, "fields": {"product": 5071, "assignment": 502, "values": [25001]}}, {"model": "product.assignedproductattribute", "pk": 50143, "fields": {"product": 5071, "assignment": 503, "values": [25006]}}, {"model": "product.assignedproductattribute", "pk": 50144, "fields": {"product": 5072, "assignment": 500, "values": [25001]}}, {"model": "product.assignedproductattribute", "pk": 50145, "fields": {"product": 5072, "assignment": 501, "values": [25006]}}, {"model": "product.assignedproductattribute", "pk": 50146, "fields": {"product": 5073, "assignment": 502, "values": [25003]}}, {"model": "product.assignedproductattribute", "pk": 50147, "fields": {"product": 5073, "assignment": 503, "values": [25006]}}, {"model": "product.assignedproductattribute", "pk": 50148, "fields": {"product": 5074, "assignment": 508, "values": [25003]}}, {"model": "product.assignedproductattribute", "pk": 50149, "fields": {"product": 5074, "assignment": 509, "values": [25005]}}, {"model": "product.assignedvariantattribute", "pk": 100000, "fields": {"variant": 700, "assignment": 500, "values": [25000]}}, {"model": "product.assignedvariantattribute", "pk": 100001, "fields": {"variant": 700, "assignment": 501, "values": [25005]}}, {"model": "product.assignedvariantattribute", "pk": 100002, "fields": {"variant": 701, "assignment": 500, "values": [25001]}}, {"model": "product.assignedvariantattribute", "pk": 100003, "fields": {"variant": 701, "assignment": 501, "values": [25005]}}, {"model": "product.assignedvariantattribute", "pk": 100004, "fields": {"variant": 702, "assignment": 500, "values": [25000]}}, {"model": "product.assignedvariantattribute", "pk": 100005, "fields": {"variant": 702, "assignment": 501, "values": [25006]}}, {"model": "product.assignedvariantattribute", "pk": 100006, "fields": {"variant": 703, "assignment": 502, "values": [25000]}}, {"model": "product.assignedvariantattribute", "pk": 100007, "fields": {"variant": 703, "assignment": 503, "values": [25006]}}, {"model": "product.assignedvariantattribute", "pk": 100008, "fields": {"variant": 704, "assignment": 500, "values": [25002]}}, {"model": "product.assignedvariantattribute", "pk": 100009, "fields": {"variant": 704, "assignment": 501, "values": [25005]}}, {"model": "product.assignedvariantattribute", "pk": 100010, "fields": {"variant": 705, "assignment": 504, "values": [25001]}}, {"model": "product.assignedvariantattribute", "pk": 100011, "fields": {"variant": 705, "assignment": 505, "values": [25006]}}, {"model": "product.assignedvariantattribute", "pk": 100012, "fields": {"variant": 706, "assignment": 504, "values": [25003]}}, {"model": "product.assignedvariantattribute", "pk": 100013, "fields": {"variant": 706, "assignment": 505, "values": [25004]}}, {"model": "product.assignedvariantattribute", "pk": 100014, "fields": {"variant": 707, "assignment": 500, "values": [25001]}}, {"model": "product.assignedvariantattribute", "pk": 100015, "fields": {"variant": 707, "assignment": 501, "values": [25004]}}, {"model": "product.assignedvariantattribute", "pk": 100016, "fields": {"variant": 708, "assignment": 506, "values": [25000]}}, {"model": "product.assignedvariantattribute", "pk": 100017, "fields": {"variant": 708, "assignment": 507, "values": [25005]}}, {"model": "product.assignedvariantattribute", "pk": 100018, "fields": {"variant": 709, "assignment": 508, "values": [25000]}}, {"model": "product.assignedvariantattribute", "pk": 100019, "fields": {"variant": 709, "assignment": 509, "values": [25004]}}, {"model": "product.assignedvariantattribute", "pk": 100020, "fields": {"variant": 710, "assignment": 508, "values": [25000]}}, {"model": "product.assignedvariantattribute", "pk": 100021, "fields": {"variant": 710, "assignment": 509, "values": [25004]}}, {"model": "product.assignedvariantattribute", "pk": 100022, "fields": {"variant": 711, "assignment": 500, "values": [25003]}}, {"model": "product.assignedvariantattribute", "pk": 100023, "fields": {"variant": 711, "assignment": 501, "values": [25005]}}, {"model": "product.assignedvariantattribute", "pk": 100024, "fields": {"variant": 712, "assignment": 504, "values": [25001]}}, {"model": "product.assignedvariantattribute", "pk": 100025, "fields": {"variant": 712, "assignment": 505, "values": [25004]}}, {"model": "product.assignedvariantattribute", "pk": 100026, "fields": {"variant": 713, "assignment": 502, "values": [25001]}}, {"model": "product.assignedvariantattribute", "pk": 100027, "fields": {"variant": 713, "assignment": 503, "values": [25004]}}, {"model": "product.assignedvariantattribute", "pk": 100028, "fields": {"variant": 714, "assignment": 500, "values": [25001]}}, {"model": "product.assignedvariantattribute", "pk": 100029, "fields": {"variant": 714, "assignment": 501, "values": [25004]}}, {"model": "product.assignedvariantattribute", "pk": 100030, "fields": {"variant": 715, "assignment": 500, "values": [25000]}}, {"model": "product.assignedvariantattribute", "pk": 100031, "fields": {"variant": 715, "assignment": 501, "values": [25004]}}, {"model": "product.assignedvariantattribute", "pk": 100032, "fields": {"variant": 716, "assignment": 508, "values": [25002]}}, {"model": "product.assignedvariantattribute", "pk": 100033, "fields": {"variant": 716, "assignment": 509, "values": [25006]}}, {"model": "product.assignedvariantattribute", "pk": 100034, "fields": {"variant": 717, "assignment": 508, "values": [25003]}}, {"model": "product.assignedvariantattribute", "pk": 100035, "fields": {"variant": 717, "assignment": 509, "values": [25006]}}, {"model": "product.assignedvariantattribute", "pk": 100036, "fields": {"variant": 718, "assignment": 500, "values": [25002]}}, {"model": "product.assignedvariantattribute", "pk": 100037, "fields": {"variant": 718, "assignment": 501, "values": [25004]}}, {"model": "product.assignedvariantattribute", "pk": 100038, "fields": {"variant": 719, "assignment": 500, "values": [25003]}}, {"model": "product.assignedvariantattribute", "pk": 100039, "fields": {"variant": 719, "assignment": 501, "values": [25005]}}, {"model": "product.assignedvariantattribute", "pk": 100040, "fields": {"variant": 720, "assignment": 500, "values": [25001]}}, {"model": "product.assignedvariantattribute", "pk": 100041, "fields": {"variant": 720, "assignment": 501, "values": [25004]}}, {"model": "product.assignedvariantattribute", "pk": 100042, "fields": {"variant": 721, "assignment": 500, "values": [25002]}}, {"model": "product.assignedvariantattribute", "pk": 100043, "fields": {"variant": 721, "assignment": 501, "values": [25005]}}, {"model": "product.assignedvariantattribute", "pk": 100044, "fields": {"variant": 722, "assignment": 500, "values": [25003]}}, {"model": "product.assignedvariantattribute", "pk": 100045, "fields": {"variant": 722, "assignment": 501, "values": [25005]}}, {"model": "product.assignedvariantattribute", "pk": 100046, "fields": {"variant": 723, "assignment": 508, "values": [25002]}}, {"model": "product.assignedvariantattribute", "pk": 100047, "fields": {"variant": 723, "assignment": 509, "values": [25004]}}, {"model": "product.assignedvariantattribute", "pk": 100048, "fields": {"variant": 724, "assignment": 500, "values": [25001]}}, {"model": "product.assignedvariantattribute", "pk": 100049, "fields": {"variant": 724, "assignment": 501, "values": [25005]}}, {"model": "product.assignedvariantattribute", "pk": 100050, "fields": {"variant": 725, "assignment": 500, "values": [25001]}}, {"model": "product.assignedvariantattribute", "pk": 100051, "fields": {"variant": 725, "assignment": 501, "values": [25004]}}, {"model": "product.assignedvariantattribute", "pk": 100052, "fields": {"variant": 726, "assignment": 500, "values": [25003]}}, {"model": "product.assignedvariantattribute", "pk": 100053, "fields": {"variant": 726, "assignment": 501, "values": [25006]}}, {"model": "product.assignedvariantattribute", "pk": 100054, "fields": {"variant": 727, "assignment": 508, "values": [25000]}}, {"model": "product.assignedvariantattribute", "pk": 100055, "fields": {"variant": 727, "assignment": 509, "values": [25005]}}, {"model": "product.assignedvariantattribute", "pk": 100056, "fields": {"variant": 728, "assignment": 500, "values": [25000]}}, {"model": "product.assignedvariantattribute", "pk": 100057, "fields": {"variant": 728, "assignment": 501, "values": [25006]}}, {"model": "product.assignedvariantattribute", "pk": 100058, "fields": {"variant": 729, "assignment": 500, "values": [25000]}}, {"model": "product.assignedvariantattribute", "pk": 100059, "fields": {"variant": 729, "assignment": 501, "values": [25006]}}, {"model": "product.assignedvariantattribute", "pk": 100060, "fields": {"variant": 730, "assignment": 500, "values": [25002]}}, {"model": "product.assignedvariantattribute", "pk": 100061, "fields": {"variant": 730, "assignment": 501, "values": [25005]}}, {"model": "product.assignedvariantattribute", "pk": 100062, "fields": {"variant": 731, "assignment": 500, "values": [25003]}}, {"model": "product.assignedvariantattribute", "pk": 100063, "fields": {"variant": 731, "assignment": 501, "values": [25006]}}, {"model": "product.assignedvariantattribute", "pk": 100064, "fields": {"variant": 732, "assignment": 500, "values": [25002]}}, {"model": "product.assignedvariantattribute", "pk": 100065, "fields": {"variant": 732, "assignment": 501, "values": [25004]}}, {"model": "product.assignedvariantattribute", "pk": 100066, "fields": {"variant": 733, "assignment": 508, "values": [25003]}}, {"model": "product.assignedvariantattribute", "pk": 100067, "fields": {"variant": 733, "assignment": 509, "values": [25006]}}, {"model": "product.assignedvariantattribute", "pk": 100068, "fields": {"variant": 734, "assignment": 500, "values": [25001]}}, {"model": "product.assignedvariantattribute", "pk": 100069, "fields": {"variant": 734, "assignment": 501, "values": [25004]}}, {"model": "product.assignedvariantattribute", "pk": 100070, "fields": {"variant": 735, "assignment": 500, "values": [25001]}}, {"model": "product.assignedvariantattribute", "pk": 100071, "fields": {"variant": 735, "assignment": 501, "values": [25005]}}, {"model": "product.assignedvariantattribute", "pk": 100072, "fields": {"variant": 736, "assignment": 508, "values": [25001]}}, {"model": "product.assignedvariantattribute", "pk": 100073, "fields": {"variant": 736, "assignment": 509, "values": [25005]}}, {"model": "product.assignedvariantattribute", "pk": 100074, "fields": {"variant": 737, "assignment": 500, "values": [25001]}}, {"model": "product.assignedvariantattribute", "pk": 100075, "fields": {"variant": 737, "assignment": 501, "values": [25005]}}, {"model": "product.assignedvariantattribute", "pk": 100076, "fields": {"variant": 738, "assignment": 500, "values": [25000]}}, {"model": "product.assignedvariantattribute", "pk": 100077, "fields": {"variant": 738, "assignment": 501, "values": [25006]}}, {"model": "product.assignedvariantattribute", "pk": 100078, "fields": {"variant": 739, "assignment": 500, "values": [25002]}}, {"model": "product.assignedvariantattribute", "pk": 100079, "fields": {"variant": 739, "assignment": 501, "values": [25005]}}, {"model": "product.assignedvariantattribute", "pk": 100080, "fields": {"variant": 740, "assignment": 500, "values": [25003]}}, {"model": "product.assignedvariantattribute", "pk": 100081, "fields": {"variant": 740, "assignment": 501, "values": [25006]}}, {"model": "product.assignedvariantattribute", "pk": 100082, "fields": {"variant": 741, "assignment": 500, "values": [25003]}}, {"model": "product.assignedvariantattribute", "pk": 100083, "fields": {"variant": 741, "assignment": 501, "values": [25004]}}, {"model": "product.assignedvariantattribute", "pk": 100084, "fields": {"variant": 742, "assignment": 500, "values": [25000]}}, {"model": "product.assignedvariantattribute", "pk": 100085, "fields": {"variant": 742, "assignment": 501, "values": [25006]}}, {"model": "product.assignedvariantattribute", "pk": 100086, "fields": {"variant": 743, "assignment": 500, "values": [25003]}}, {"model": "product.assignedvariantattribute", "pk": 100087, "fields": {"variant": 743, "assignment": 501, "values": [25004]}}, {"model": "product.assignedvariantattribute", "pk": 100088, "fields": {"variant": 744, "assignment": 500, "values": [25003]}}, {"model": "product.assignedvariantattribute", "pk": 100089, "fields": {"variant": 744, "assignment": 501, "values": [25006]}}, {"model": "product.assignedvariantattribute", "pk": 100090, "fields": {"variant": 745, "assignment": 500, "values": [25003]}}, {"model": "product.assignedvariantattribute", "pk": 100091, "fields": {"variant": 745, "assignment": 501, "values": [25004]}}, {"model": "product.assignedvariantattribute", "pk": 100092, "fields": {"variant": 746, "assignment": 500, "values": [25001]}}, {"model": "product.assignedvariantattribute", "pk": 100093, "fields": {"variant": 746, "assignment": 501, "values": [25004]}}, {"model": "product.assignedvariantattribute", "pk": 100094, "fields": {"variant": 747, "assignment": 500, "values": [25003]}}, {"model": "product.assignedvariantattribute", "pk": 100095, "fields": {"variant": 747, "assignment": 501, "values": [25005]}}, {"model": "product.assignedvariantattribute", "pk": 100096, "fields": {"variant": 748, "assignment": 500, "values": [25003]}}, {"model": "product.assignedvariantattribute", "pk": 100097, "fields": {"variant": 748, "assignment": 501, "values": [25006]}}, {"model": "product.assignedvariantattribute", "pk": 100098, "fields": {"variant": 749, "assignment": 500, "values": [25001]}}, {"model": "product.assignedvariantattribute", "pk": 100099, "fields": {"variant": 749, "assignment": 501, "values": [25006]}}, {"model": "product.assignedvariantattribute", "pk": 100100, "fields": {"variant": 750, "assignment": 500, "values": [25003]}}, {"model": "product.assignedvariantattribute", "pk": 100101, "fields": {"variant": 750, "assignment": 501, "values": [25004]}}, {"model": "product.assignedvariantattribute", "pk": 100102, "fields": {"variant": 751, "assignment": 500, "values": [25002]}}, {"model": "product.assignedvariantattribute", "pk": 100103, "fields": {"variant": 751, "assignment": 501, "values": [25005]}}, {"model": "product.assignedvariantattribute", "pk": 100104, "fields": {"variant": 752, "assignment": 500, "values": [25002]}}, {"model": "product.assignedvariantattribute", "pk": 100105, "fields": {"variant": 752, "assignment": 501, "values": [25005]}}, {"model": "product.assignedvariantattribute", "pk": 100106, "fields": {"variant": 753, "assignment": 500, "values": [25000]}}, {"model": "product.assignedvariantattribute", "pk": 100107, "fields": {"variant": 753, "assignment": 501, "values": [25005]}}, {"model": "product.assignedvariantattribute", "pk": 100108, "fields": {"variant": 754, "assignment": 508, "values": [25002]}}, {"model": "product.assignedvariantattribute", "pk": 100109, "fields": {"variant": 754, "assignment": 509, "values": [25005]}}, {"model": "product.assignedvariantattribute", "pk": 100110, "fields": {"variant": 755, "assignment": 500, "values": [25002]}}, {"model": "product.assignedvariantattribute", "pk": 100111, "fields": {"variant": 755, "assignment": 501, "values": [25004]}}, {"model": "product.assignedvariantattribute", "pk": 100112, "fields": {"variant": 756, "assignment": 500, "values": [25001]}}, {"model": "product.assignedvariantattribute", "pk": 100113, "fields": {"variant": 756, "assignment": 501, "values": [25004]}}, {"model": "product.assignedvariantattribute", "pk": 100114, "fields": {"variant": 757, "assignment": 500, "values": [25002]}}, {"model": "product.assignedvariantattribute", "pk": 100115, "fields": {"variant": 757, "assignment": 501, "values": [25004]}}, {"model": "product.assignedvariantattribute", "pk": 100116, "fields": {"variant": 758, "assignment": 508, "values": [25003]}}, {"model": "product.assignedvariantattribute", "pk": 100117, "fields": {"variant": 758, "assignment": 509, "values": [25006]}}, {"model": "product.assignedvariantattribute", "pk": 100118, "fields": {"variant": 759, "assignment": 500, "values": [25003]}}, {"model": "product.assignedvariantattribute", "pk": 100119, "fields": {"variant": 759, "assignment": 501, "values": [25004]}}, {"model": "product.assignedvariantattribute", "pk": 100120, "fields": {"variant": 760, "assignment": 502, "values": [25001]}}, {"model": "product.assignedvariantattribute", "pk": 100121, "fields": {"variant": 760, "assignment": 503, "values": [25005]}}, {"model": "product.assignedvariantattribute", "pk": 100122, "fields": {"variant": 761, "assignment": 500, "values": [25003]}}, {"model": "product.assignedvariantattribute", "pk": 100123, "fields": {"variant": 761, "assignment": 501, "values": [25004]}}, {"model": "product.assignedvariantattribute", "pk": 100124, "fields": {"variant": 762, "assignment": 502, "values": [25000]}}, {"model": "product.assignedvariantattribute", "pk": 100125, "fields": {"variant": 762, "assignment": 503, "values": [25004]}}, {"model": "product.assignedvariantattribute", "pk": 100126, "fields": {"variant": 763, "assignment": 500, "values": [25001]}}, {"model": "product.assignedvariantattribute", "pk": 100127, "fields": {"variant": 763, "assignment": 501, "values": [25006]}}, {"model": "product.assignedvariantattribute", "pk": 100128, "fields": {"variant": 764, "assignment": 508, "values": [25001]}}, {"model": "product.assignedvariantattribute", "pk": 100129, "fields": {"variant": 764, "assignment": 509, "values": [25006]}}, {"model": "product.assignedvariantattribute", "pk": 100130, "fields": {"variant": 765, "assignment": 502, "values": [25003]}}, {"model": "product.assignedvariantattribute", "pk": 100131, "fields": {"variant": 765, "assignment": 503, "values": [25006]}}, {"model": "product.assignedvariantattribute", "pk": 100132, "fields": {"variant": 766, "assignment": 500, "values": [25001]}}, {"model": "product.assignedvariantattribute", "pk": 100133, "fields": {"variant": 766, "assignment": 501, "values": [25005]}}, {"model": "product.assignedvariantattribute", "pk": 100134, "fields": {"variant": 767, "assignment": 502, "values": [25003]}}, {"model": "product.assignedvariantattribute", "pk": 100135, "fields": {"variant": 767, "assignment": 503, "values": [25004]}}, {"model": "product.assignedvariantattribute", "pk": 100136, "fields": {"variant": 768, "assignment": 502, "values": [25002]}}, {"model": "product.assignedvariantattribute", "pk": 100137, "fields": {"variant": 768, "assignment": 503, "values": [25004]}}, {"model": "product.assignedvariantattribute", "pk": 100138, "fields": {"variant": 769, "assignment": 502, "values": [25003]}}, {"model": "product.assignedvariantattribute", "pk": 100139, "fields": {"variant": 769, "assignment": 503, "values": [25004]}}, {"model": "product.assignedvariantattribute", "pk": 100140, "fields": {"variant": 770, "assignment": 500, "values": [25002]}}, {"model": "product.assignedvariantattribute", "pk": 100141, "fields": {"variant": 770, "assignment": 501, "values": [25005]}}, {"model": "product.assignedvariantattribute", "pk": 100142, "fields": {"variant": 771, "assignment": 502, "values": [25001]}}, {"model": "product.assignedvariantattribute", "pk": 100143, "fields": {"variant": 771, "assignment": 503, "values": [25006]}}, {"model": "product.assignedvariantattribute", "pk": 100144, "fields": {"variant": 772, "assignment": 500, "values": [25001]}}, {"model": "product.assignedvariantattribute", "pk": 100145, "fields": {"variant": 772, "assignment": 501, "values": [25006]}}, {"model": "product.assignedvariantattribute", "pk": 100146, "fields": {"variant": 773, "assignment": 502, "values": [25003]}}, {"model": "product.assignedvariantattribute", "pk": 100147, "fields": {"variant": 773, "assignment": 503, "values": [25006]}}, {"model": "product.assignedvariantattribute", "pk": 100148, "fields": {"variant": 774, "assignment": 508, "values": [25003]}}, {"model": "product.assignedvariantattribute", "pk": 100149, "fields": {"variant": 774, "assignment": 509, "values": [25005]}}]